INSERT INTO Lieu VALUES (1000000000, 'FRANCE', null)
/
INSERT INTO Lieu VALUES (0000099911, 'ILE-DE-FRANCE' ,1000000000)
/
INSERT INTO Lieu VALUES (0000000091, 'ESSONNE' ,0000099911)
/
INSERT INTO Lieu VALUES (0000091027, 'ORLY' ,0000000091)
/
INSERT INTO Station VALUES (0000007149,0000091027, '0425416378',48.716833,2.384333)
/
INSERT INTO Releve VALUES (170420220714900000001, TO_DATE('17-04-2022' , 'DD-MM-YYYY') ,0000007149)
/
INSERT INTO Mesure VALUES (170420220714900000001101, 'Temperature', 10.9 ,170420220714900000001)
/
INSERT INTO Mesure VALUES (170420220714900000001102, 'Pluviometrie',  0.0 ,170420220714900000001)
/
INSERT INTO Mesure VALUES (170420220714900000001103, 'Vent', 11.16 ,170420220714900000001)
/
INSERT INTO Mesure VALUES (170420220714900000001104, 'Ensoleillement', 2377 ,170420220714900000001)
/
INSERT INTO Lieu VALUES (0000099924, 'CENTRE-VAL DE LOIRE' ,1000000000)
/
INSERT INTO Lieu VALUES (0000000037, 'INDRE-ET-LOIRE' ,0000099924)
/
INSERT INTO Lieu VALUES (0000037179, 'TOURS' ,0000000037)
/
INSERT INTO Station VALUES (0000007240,0000037179, '0425416378',47.4445,0.727333)
/
INSERT INTO Releve VALUES (170420220724000000002, TO_DATE('17-04-2022' , 'DD-MM-YYYY') ,0000007240)
/
INSERT INTO Mesure VALUES (170420220724000000002201, 'Temperature', 9.9 ,170420220724000000002)
/
INSERT INTO Mesure VALUES (170420220724000000002202, 'Pluviometrie',  0.0 ,170420220724000000002)
/
INSERT INTO Mesure VALUES (170420220724000000002203, 'Vent', 14.4 ,170420220724000000002)
/
INSERT INTO Mesure VALUES (170420220724000000002204, 'Ensoleillement', 2296 ,170420220724000000002)
/
INSERT INTO Lieu VALUES (0000099993, 'PROVENCE-ALPES-COTE D-AZUR' ,1000000000)
/
INSERT INTO Lieu VALUES (0000000013, 'BOUCHES-DU-RHONE' ,0000099993)
/
INSERT INTO Lieu VALUES (0000013054, 'MARIGNANE' ,0000000013)
/
INSERT INTO Station VALUES (0000007650,0000013054, '0425416378',43.437667,5.216)
/
INSERT INTO Releve VALUES (170420220765000000003, TO_DATE('17-04-2022' , 'DD-MM-YYYY') ,0000007650)
/
INSERT INTO Mesure VALUES (170420220765000000003301, 'Temperature', 13.3 ,170420220765000000003)
/
INSERT INTO Mesure VALUES (170420220765000000003302, 'Pluviometrie',  0.0 ,170420220765000000003)
/
INSERT INTO Mesure VALUES (170420220765000000003303, 'Vent', 3.96 ,170420220765000000003)
/
INSERT INTO Mesure VALUES (170420220765000000003304, 'Ensoleillement', 2213 ,170420220765000000003)
/
INSERT INTO Lieu VALUES (0000099901, 'GUADELOUPE' ,1000000000)
/
INSERT INTO Lieu VALUES (0000000971, 'GUADELOUPE' ,0000099901)
/
INSERT INTO Lieu VALUES (0000097110, 'LA DESIRADE METEO' ,0000000971)
/
INSERT INTO Station VALUES (0000078890,0000097110, '0425416378',16.335,-61.004)
/
INSERT INTO Releve VALUES (170420227889000000004, TO_DATE('17-04-2022' , 'DD-MM-YYYY') ,0000078890)
/
INSERT INTO Mesure VALUES (170420227889000000004401, 'Temperature', 24.2 ,170420227889000000004)
/
INSERT INTO Mesure VALUES (170420227889000000004402, 'Pluviometrie',  0.0 ,170420227889000000004)
/
INSERT INTO Mesure VALUES (170420227889000000004403, 'Vent', 33.84 ,170420227889000000004)
/
INSERT INTO Mesure VALUES (170420227889000000004404, 'Ensoleillement', 1900 ,170420227889000000004)
/
INSERT INTO Lieu VALUES (0000999977, 'SAINT-BARTHELEMY' ,1000000000)
/
INSERT INTO Lieu VALUES (0000000977, 'SAINT-BARTHELEMY' ,0000999977)
/
INSERT INTO Lieu VALUES (0000097701, 'ST-BARTHELEMY METEO' ,0000000977)
/
INSERT INTO Station VALUES (0000078894,0000097701, '0425416378',17.9015,-62.852167)
/
INSERT INTO Releve VALUES (170420227889400000005, TO_DATE('17-04-2022' , 'DD-MM-YYYY') ,0000078894)
/
INSERT INTO Mesure VALUES (170420227889400000005501, 'Temperature', 25.7 ,170420227889400000005)
/
INSERT INTO Mesure VALUES (170420227889400000005502, 'Pluviometrie',  0.0 ,170420227889400000005)
/
INSERT INTO Mesure VALUES (170420227889400000005503, 'Vent', 18.36 ,170420227889400000005)
/
INSERT INTO Mesure VALUES (170420227889400000005504, 'Ensoleillement', 2445 ,170420227889400000005)
/
INSERT INTO Lieu VALUES (0000099928, 'NORMANDIE' ,1000000000)
/
INSERT INTO Lieu VALUES (0000000061, 'ORNE' ,0000099928)
/
INSERT INTO Lieu VALUES (0000061077, 'ALENCON' ,0000000061)
/
INSERT INTO Station VALUES (0000007139,0000061077, '0425416378',48.4455,0.110167)
/
INSERT INTO Releve VALUES (170420220713900000006, TO_DATE('17-04-2022' , 'DD-MM-YYYY') ,0000007139)
/
INSERT INTO Mesure VALUES (170420220713900000006601, 'Temperature', 6.2 ,170420220713900000006)
/
INSERT INTO Mesure VALUES (170420220713900000006602, 'Pluviometrie',  0.0 ,170420220713900000006)
/
INSERT INTO Mesure VALUES (170420220713900000006603, 'Vent', 7.2 ,170420220713900000006)
/
INSERT INTO Lieu VALUES (0000099975, 'NOUVELLE-AQUITAINE' ,1000000000)
/
INSERT INTO Lieu VALUES (0000000033, 'GIRONDE' ,0000099975)
/
INSERT INTO Lieu VALUES (0000033281, 'BORDEAUX-MERIGNAC' ,0000000033)
/
INSERT INTO Station VALUES (0000007510,0000033281, '0425416378',44.830667,-0.691333)
/
INSERT INTO Releve VALUES (170420220751000000007, TO_DATE('17-04-2022' , 'DD-MM-YYYY') ,0000007510)
/
INSERT INTO Mesure VALUES (170420220751000000007701, 'Temperature', 8.5 ,170420220751000000007)
/
INSERT INTO Mesure VALUES (170420220751000000007702, 'Pluviometrie',  0.0 ,170420220751000000007)
/
INSERT INTO Mesure VALUES (170420220751000000007703, 'Vent', 1.8 ,170420220751000000007)
/
INSERT INTO Lieu VALUES (0000099984, 'AUVERGNE-RHONE-ALPES' ,1000000000)
/
INSERT INTO Lieu VALUES (0000000026, 'DROME' ,0000099984)
/
INSERT INTO Lieu VALUES (0000026198, 'MONTELIMAR' ,0000000026)
/
INSERT INTO Station VALUES (0000007577,0000026198, '0425416378',44.581167,4.733)
/
INSERT INTO Releve VALUES (170420220757700000008, TO_DATE('17-04-2022' , 'DD-MM-YYYY') ,0000007577)
/
INSERT INTO Mesure VALUES (170420220757700000008801, 'Temperature', 10.8 ,170420220757700000008)
/
INSERT INTO Mesure VALUES (170420220757700000008802, 'Pluviometrie',  0.0 ,170420220757700000008)
/
INSERT INTO Mesure VALUES (170420220757700000008803, 'Vent', 17.28 ,170420220757700000008)
/
INSERT INTO Lieu VALUES (0000099904, 'LA REUNION' ,1000000000)
/
INSERT INTO Lieu VALUES (0000000974, 'LA REUNION' ,0000099904)
/
INSERT INTO Lieu VALUES (0000097418, 'GILLOT-AEROPORT' ,0000000974)
/
INSERT INTO Station VALUES (0000061980,0000097418, '0425416378',-20.8925,55.528667)
/
INSERT INTO Releve VALUES (170420226198000000009, TO_DATE('17-04-2022' , 'DD-MM-YYYY') ,0000061980)
/
INSERT INTO Mesure VALUES (170420226198000000009901, 'Temperature', 28.1 ,170420226198000000009)
/
INSERT INTO Mesure VALUES (170420226198000000009902, 'Pluviometrie',  0.0 ,170420226198000000009)
/
INSERT INTO Mesure VALUES (170420226198000000009903, 'Vent', 31.68 ,170420226198000000009)
/
INSERT INTO Lieu VALUES (0000099906, 'MAYOTTE' ,1000000000)
/
INSERT INTO Lieu VALUES (0000000976, 'MAYOTTE' ,0000099906)
/
INSERT INTO Lieu VALUES (0000097615, 'PAMANDZI' ,0000000976)
/
INSERT INTO Station VALUES (0000067005,0000097615, '0425416378',-12.8055,45.282833)
/
INSERT INTO Releve VALUES (170420226700500000010, TO_DATE('17-04-2022' , 'DD-MM-YYYY') ,0000067005)
/
INSERT INTO Mesure VALUES (1704202267005000000101001, 'Temperature', 30.8 ,170420226700500000010)
/
INSERT INTO Mesure VALUES (1704202267005000000101002, 'Pluviometrie',  0.0 ,170420226700500000010)
/
INSERT INTO Mesure VALUES (1704202267005000000101003, 'Vent', 30.6 ,170420226700500000010)
/
INSERT INTO Lieu VALUES (0000099932, 'HAUTS-DE-FRANCE' ,1000000000)
/
INSERT INTO Lieu VALUES (0000000080, 'SOMME' ,0000099932)
/
INSERT INTO Lieu VALUES (0000080001, 'ABBEVILLE' ,0000000080)
/
INSERT INTO Station VALUES (0000007005,0000080001, '0425416378',50.136,1.834)
/
INSERT INTO Releve VALUES (170420220700500000011, TO_DATE('17-04-2022' , 'DD-MM-YYYY') ,0000007005)
/
INSERT INTO Mesure VALUES (1704202207005000000111101, 'Temperature', 12.6 ,170420220700500000011)
/
INSERT INTO Mesure VALUES (1704202207005000000111102, 'Pluviometrie',  0.0 ,170420220700500000011)
/
INSERT INTO Mesure VALUES (1704202207005000000111103, 'Vent', 16.2 ,170420220700500000011)
/
INSERT INTO Lieu VALUES (0000000076, 'SEINE-MARITIME' ,0000099928)
/
INSERT INTO Lieu VALUES (0000076116, 'ROUEN-BOOS' ,0000000076)
/
INSERT INTO Station VALUES (0000007037,0000076116, '0425416378',49.383,1.181667)
/
INSERT INTO Releve VALUES (170420220703700000012, TO_DATE('17-04-2022' , 'DD-MM-YYYY') ,0000007037)
/
INSERT INTO Mesure VALUES (1704202207037000000121201, 'Temperature', 12.6 ,170420220703700000012)
/
INSERT INTO Mesure VALUES (1704202207037000000121202, 'Pluviometrie',  0.0 ,170420220703700000012)
/
INSERT INTO Mesure VALUES (1704202207037000000121203, 'Vent', 19.44 ,170420220703700000012)
/
INSERT INTO Mesure VALUES (1704202207037000000121204, 'Ensoleillement', 1466 ,170420220703700000012)
/
INSERT INTO Lieu VALUES (0000000069, 'RHONE' ,0000099984)
/
INSERT INTO Lieu VALUES (0000069299, 'LYON-ST EXUPERY' ,0000000069)
/
INSERT INTO Station VALUES (0000007481,0000069299, '0425416378',45.7265,5.077833)
/
INSERT INTO Releve VALUES (170420220748100000013, TO_DATE('17-04-2022' , 'DD-MM-YYYY') ,0000007481)
/
INSERT INTO Mesure VALUES (1704202207481000000131301, 'Temperature', 11.6 ,170420220748100000013)
/
INSERT INTO Mesure VALUES (1704202207481000000131302, 'Pluviometrie',  0.0 ,170420220748100000013)
/
INSERT INTO Mesure VALUES (1704202207481000000131303, 'Vent', 6.48 ,170420220748100000013)
/
INSERT INTO Lieu VALUES (0000099944, 'GRAND EST' ,1000000000)
/
INSERT INTO Lieu VALUES (0000000051, 'MARNE' ,0000099944)
/
INSERT INTO Lieu VALUES (0000051449, 'REIMS-PRUNAY' ,0000000051)
/
INSERT INTO Station VALUES (0000007072,0000051449, '0425416378',49.209667,4.155333)
/
INSERT INTO Releve VALUES (170420220707200000014, TO_DATE('17-04-2022' , 'DD-MM-YYYY') ,0000007072)
/
INSERT INTO Mesure VALUES (1704202207072000000141401, 'Temperature', 19.7 ,170420220707200000014)
/
INSERT INTO Mesure VALUES (1704202207072000000141402, 'Pluviometrie',  0.0 ,170420220707200000014)
/
INSERT INTO Mesure VALUES (1704202207072000000141403, 'Vent', 18.72 ,170420220707200000014)
/
INSERT INTO Mesure VALUES (1704202207072000000141404, 'Ensoleillement', 2048 ,170420220707200000014)
/
INSERT INTO Lieu VALUES (0000099953, 'BRETAGNE' ,1000000000)
/
INSERT INTO Lieu VALUES (0000000022, 'COTES-D-ARMOR' ,0000099953)
/
INSERT INTO Lieu VALUES (0000022168, 'PLOUMANAC-H' ,0000000022)
/
INSERT INTO Station VALUES (0000007117,0000022168, '0425416378',48.825833,-3.473167)
/
INSERT INTO Releve VALUES (170420220711700000015, TO_DATE('17-04-2022' , 'DD-MM-YYYY') ,0000007117)
/
INSERT INTO Mesure VALUES (1704202207117000000151501, 'Temperature', 12.2 ,170420220711700000015)
/
INSERT INTO Mesure VALUES (1704202207117000000151502, 'Pluviometrie',  0.0 ,170420220711700000015)
/
INSERT INTO Mesure VALUES (1704202207117000000151503, 'Vent', 14.4 ,170420220711700000015)
/
INSERT INTO Releve VALUES (170420220748100000016, TO_DATE('17-04-2022' , 'DD-MM-YYYY') ,0000007481)
/
INSERT INTO Mesure VALUES (1704202207481000000161601, 'Temperature', 18.2 ,170420220748100000016)
/
INSERT INTO Mesure VALUES (1704202207481000000161602, 'Pluviometrie',  0.0 ,170420220748100000016)
/
INSERT INTO Mesure VALUES (1704202207481000000161603, 'Vent', 9.0 ,170420220748100000016)
/
INSERT INTO Lieu VALUES (0000099976, 'OCCITANIE' ,1000000000)
/
INSERT INTO Lieu VALUES (0000000065, 'HAUTES-PYRENEES' ,0000099976)
/
INSERT INTO Lieu VALUES (0000065284, 'TARBES-OSSUN' ,0000000065)
/
INSERT INTO Station VALUES (0000007621,0000065284, '0425416378',43.188,0.0)
/
INSERT INTO Releve VALUES (170420220762100000017, TO_DATE('17-04-2022' , 'DD-MM-YYYY') ,0000007621)
/
INSERT INTO Mesure VALUES (1704202207621000000171701, 'Temperature', 20.5 ,170420220762100000017)
/
INSERT INTO Mesure VALUES (1704202207621000000171702, 'Pluviometrie',  0.0 ,170420220762100000017)
/
INSERT INTO Mesure VALUES (1704202207621000000171703, 'Vent', 18.72 ,170420220762100000017)
/
INSERT INTO Lieu VALUES (0000999984, 'TERRES AUSTRALES ET ANTARCTIQUES FRANCAISES' ,1000000000)
/
INSERT INTO Lieu VALUES (0000000984, 'TERRES AUSTRALES ET ANTARCTIQUES FRANCAISES' ,0000999984)
/
INSERT INTO Lieu VALUES (0000098412, 'KERGUELEN' ,0000000984)
/
INSERT INTO Station VALUES (0000061998,0000098412, '0425416378',-49.352333,70.243333)
/
INSERT INTO Releve VALUES (170420226199800000018, TO_DATE('17-04-2022' , 'DD-MM-YYYY') ,0000061998)
/
INSERT INTO Mesure VALUES (1704202261998000000181801, 'Temperature', 4.8 ,170420226199800000018)
/
INSERT INTO Mesure VALUES (1704202261998000000181802, 'Pluviometrie',  0.0 ,170420226199800000018)
/
INSERT INTO Mesure VALUES (1704202261998000000181803, 'Vent', 35.28 ,170420226199800000018)
/
INSERT INTO Mesure VALUES (1704202261998000000181804, 'Ensoleillement', 1564 ,170420226199800000018)
/
INSERT INTO Lieu VALUES (0000000063, 'PUY-DE-DOME' ,0000099984)
/
INSERT INTO Lieu VALUES (0000063113, 'CLERMONT-FD' ,0000000063)
/
INSERT INTO Station VALUES (0000007460,0000063113, '0425416378',45.786833,3.149333)
/
INSERT INTO Releve VALUES (170420220746000000019, TO_DATE('17-04-2022' , 'DD-MM-YYYY') ,0000007460)
/
INSERT INTO Mesure VALUES (1704202207460000000191901, 'Temperature', 16.3 ,170420220746000000019)
/
INSERT INTO Mesure VALUES (1704202207460000000191902, 'Pluviometrie',  0.0 ,170420220746000000019)
/
INSERT INTO Mesure VALUES (1704202207460000000191903, 'Vent', 14.04 ,170420220746000000019)
/
INSERT INTO Mesure VALUES (1704202207460000000191904, 'Ensoleillement', 2159 ,170420220746000000019)
/
INSERT INTO Releve VALUES (170420220746000000020, TO_DATE('17-04-2022' , 'DD-MM-YYYY') ,0000007460)
/
INSERT INTO Mesure VALUES (1704202207460000000202001, 'Temperature', 11.6 ,170420220746000000020)
/
INSERT INTO Mesure VALUES (1704202207460000000202002, 'Pluviometrie',  0.0 ,170420220746000000020)
/
INSERT INTO Mesure VALUES (1704202207460000000202003, 'Vent', 15.12 ,170420220746000000020)
/
INSERT INTO Releve VALUES (170420220751000000021, TO_DATE('17-04-2022' , 'DD-MM-YYYY') ,0000007510)
/
INSERT INTO Mesure VALUES (1704202207510000000212101, 'Temperature', 12.7 ,170420220751000000021)
/
INSERT INTO Mesure VALUES (1704202207510000000212102, 'Pluviometrie',  0.0 ,170420220751000000021)
/
INSERT INTO Mesure VALUES (1704202207510000000212103, 'Vent', 2.88 ,170420220751000000021)
/
INSERT INTO Mesure VALUES (1704202207510000000212104, 'Ensoleillement', 1436 ,170420220751000000021)
/
INSERT INTO Releve VALUES (170420226700500000022, TO_DATE('17-04-2022' , 'DD-MM-YYYY') ,0000067005)
/
INSERT INTO Mesure VALUES (1704202267005000000222201, 'Temperature', 28.2 ,170420226700500000022)
/
INSERT INTO Mesure VALUES (1704202267005000000222202, 'Pluviometrie',  0.0 ,170420226700500000022)
/
INSERT INTO Mesure VALUES (1704202267005000000222203, 'Vent', 18.0 ,170420226700500000022)
/
INSERT INTO Mesure VALUES (1704202267005000000222204, 'Ensoleillement', 1988 ,170420226700500000022)
/
INSERT INTO Lieu VALUES (0000000017, 'CHARENTE-MARITIME' ,0000099975)
/
INSERT INTO Lieu VALUES (0000017323, 'PTE DE CHASSIRON' ,0000000017)
/
INSERT INTO Station VALUES (0000007314,0000017323, '0425416378',46.046833,-1.4115)
/
INSERT INTO Releve VALUES (170420220731400000023, TO_DATE('17-04-2022' , 'DD-MM-YYYY') ,0000007314)
/
INSERT INTO Mesure VALUES (1704202207314000000232301, 'Temperature', 12.2 ,170420220731400000023)
/
INSERT INTO Mesure VALUES (1704202207314000000232302, 'Pluviometrie',  0.0 ,170420220731400000023)
/
INSERT INTO Mesure VALUES (1704202207314000000232303, 'Vent', 7.56 ,170420220731400000023)
/
INSERT INTO Lieu VALUES (0000000012, 'AVEYRON' ,0000099976)
/
INSERT INTO Lieu VALUES (0000012145, 'MILLAU' ,0000000012)
/
INSERT INTO Station VALUES (0000007558,0000012145, '0425416378',44.1185,3.0195)
/
INSERT INTO Releve VALUES (170420220755800000024, TO_DATE('17-04-2022' , 'DD-MM-YYYY') ,0000007558)
/
INSERT INTO Mesure VALUES (1704202207558000000242401, 'Temperature', 9.8 ,170420220755800000024)
/
INSERT INTO Mesure VALUES (1704202207558000000242402, 'Pluviometrie',  0.0 ,170420220755800000024)
/
INSERT INTO Mesure VALUES (1704202207558000000242403, 'Vent', 23.04 ,170420220755800000024)
/
INSERT INTO Lieu VALUES (0000000009, 'ARIEGE' ,0000099976)
/
INSERT INTO Lieu VALUES (0000009289, 'ST GIRONS' ,0000000009)
/
INSERT INTO Station VALUES (0000007627,0000009289, '0425416378',43.005333,1.106833)
/
INSERT INTO Releve VALUES (170420220762700000025, TO_DATE('17-04-2022' , 'DD-MM-YYYY') ,0000007627)
/
INSERT INTO Mesure VALUES (1704202207627000000252501, 'Temperature', 6.6 ,170420220762700000025)
/
INSERT INTO Mesure VALUES (1704202207627000000252502, 'Pluviometrie',  0.0 ,170420220762700000025)
/
INSERT INTO Mesure VALUES (1704202207627000000252503, 'Vent', 1.8 ,170420220762700000025)
/
INSERT INTO Releve VALUES (170420227889000000026, TO_DATE('17-04-2022' , 'DD-MM-YYYY') ,0000078890)
/
INSERT INTO Mesure VALUES (1704202278890000000262601, 'Temperature', 24.2 ,170420227889000000026)
/
INSERT INTO Mesure VALUES (1704202278890000000262602, 'Pluviometrie',  0.0 ,170420227889000000026)
/
INSERT INTO Mesure VALUES (1704202278890000000262603, 'Vent', 37.44 ,170420227889000000026)
/
INSERT INTO Mesure VALUES (1704202278890000000262604, 'Ensoleillement', 1451 ,170420227889000000026)
/
INSERT INTO Releve VALUES (170420220700500000027, TO_DATE('17-04-2022' , 'DD-MM-YYYY') ,0000007005)
/
INSERT INTO Mesure VALUES (1704202207005000000272701, 'Temperature', 17.0 ,170420220700500000027)
/
INSERT INTO Mesure VALUES (1704202207005000000272702, 'Pluviometrie',  0.0 ,170420220700500000027)
/
INSERT INTO Mesure VALUES (1704202207005000000272703, 'Vent', 14.4 ,170420220700500000027)
/
INSERT INTO Mesure VALUES (1704202207005000000272704, 'Ensoleillement', 2078 ,170420220700500000027)
/
INSERT INTO Lieu VALUES (0000099902, 'MARTINIQUE' ,1000000000)
/
INSERT INTO Lieu VALUES (0000000972, 'MARTINIQUE' ,0000099902)
/
INSERT INTO Lieu VALUES (0000097213, 'LAMENTIN-AERO' ,0000000972)
/
INSERT INTO Station VALUES (0000078925,0000097213, '0425416378',14.595333,-60.995667)
/
INSERT INTO Releve VALUES (170420227892500000028, TO_DATE('17-04-2022' , 'DD-MM-YYYY') ,0000078925)
/
INSERT INTO Mesure VALUES (1704202278925000000282801, 'Temperature', 26.8 ,170420227892500000028)
/
INSERT INTO Mesure VALUES (1704202278925000000282802, 'Pluviometrie',  -0.1 ,170420227892500000028)
/
INSERT INTO Mesure VALUES (1704202278925000000282803, 'Vent', 29.52 ,170420227892500000028)
/
INSERT INTO Mesure VALUES (1704202278925000000282804, 'Ensoleillement', 2196 ,170420227892500000028)
/
INSERT INTO Releve VALUES (170420220700500000029, TO_DATE('17-04-2022' , 'DD-MM-YYYY') ,0000007005)
/
INSERT INTO Mesure VALUES (1704202207005000000292901, 'Temperature', 19.4 ,170420220700500000029)
/
INSERT INTO Mesure VALUES (1704202207005000000292902, 'Pluviometrie',  0.0 ,170420220700500000029)
/
INSERT INTO Mesure VALUES (1704202207005000000292903, 'Vent', 15.48 ,170420220700500000029)
/
INSERT INTO Lieu VALUES (0000000059, 'NORD' ,0000099932)
/
INSERT INTO Lieu VALUES (0000059256, 'LILLE-LESQUIN' ,0000000059)
/
INSERT INTO Station VALUES (0000007015,0000059256, '0425416378',50.57,3.0975)
/
INSERT INTO Releve VALUES (170420220701500000030, TO_DATE('17-04-2022' , 'DD-MM-YYYY') ,0000007015)
/
INSERT INTO Mesure VALUES (1704202207015000000303001, 'Temperature', 18.6 ,170420220701500000030)
/
INSERT INTO Mesure VALUES (1704202207015000000303002, 'Pluviometrie',  0.0 ,170420220701500000030)
/
INSERT INTO Mesure VALUES (1704202207015000000303003, 'Vent', 7.2 ,170420220701500000030)
/
INSERT INTO Mesure VALUES (1704202207015000000303004, 'Ensoleillement', 1711 ,170420220701500000030)
/
INSERT INTO Lieu VALUES (0000000056, 'MORBIHAN' ,0000099953)
/
INSERT INTO Lieu VALUES (0000056009, 'BELLE ILE-LE TALUT' ,0000000056)
/
INSERT INTO Station VALUES (0000007207,0000056009, '0425416378',47.294333,-3.218333)
/
INSERT INTO Releve VALUES (170420220720700000031, TO_DATE('17-04-2022' , 'DD-MM-YYYY') ,0000007207)
/
INSERT INTO Mesure VALUES (1704202207207000000313101, 'Temperature', 12.9 ,170420220720700000031)
/
INSERT INTO Mesure VALUES (1704202207207000000313102, 'Pluviometrie',  0.0 ,170420220720700000031)
/
INSERT INTO Mesure VALUES (1704202207207000000313103, 'Vent', 17.64 ,170420220720700000031)
/
INSERT INTO Mesure VALUES (1704202207207000000313104, 'Ensoleillement', 2474 ,170420220720700000031)
/
INSERT INTO Releve VALUES (170420220755800000032, TO_DATE('17-04-2022' , 'DD-MM-YYYY') ,0000007558)
/
INSERT INTO Mesure VALUES (1704202207558000000323201, 'Temperature', 11.3 ,170420220755800000032)
/
INSERT INTO Mesure VALUES (1704202207558000000323202, 'Pluviometrie',  0.0 ,170420220755800000032)
/
INSERT INTO Mesure VALUES (1704202207558000000323203, 'Vent', 23.04 ,170420220755800000032)
/
INSERT INTO Mesure VALUES (1704202207558000000323204, 'Ensoleillement', 2038 ,170420220755800000032)
/
INSERT INTO Lieu VALUES (0000000034, 'HERAULT' ,0000099976)
/
INSERT INTO Lieu VALUES (0000034154, 'MONTPELLIER' ,0000000034)
/
INSERT INTO Station VALUES (0000007643,0000034154, '0425416378',43.577,3.963167)
/
INSERT INTO Releve VALUES (170420220764300000033, TO_DATE('17-04-2022' , 'DD-MM-YYYY') ,0000007643)
/
INSERT INTO Mesure VALUES (1704202207643000000333301, 'Temperature', 14.5 ,170420220764300000033)
/
INSERT INTO Mesure VALUES (1704202207643000000333302, 'Pluviometrie',  0.0 ,170420220764300000033)
/
INSERT INTO Mesure VALUES (1704202207643000000333303, 'Vent', 12.24 ,170420220764300000033)
/
INSERT INTO Releve VALUES (170420220746000000034, TO_DATE('17-04-2022' , 'DD-MM-YYYY') ,0000007460)
/
INSERT INTO Mesure VALUES (1704202207460000000343401, 'Temperature', 8.6 ,170420220746000000034)
/
INSERT INTO Mesure VALUES (1704202207460000000343402, 'Pluviometrie',  0.0 ,170420220746000000034)
/
INSERT INTO Mesure VALUES (1704202207460000000343403, 'Vent', 8.64 ,170420220746000000034)
/
INSERT INTO Mesure VALUES (1704202207460000000343404, 'Ensoleillement', 1873 ,170420220746000000034)
/
INSERT INTO Releve VALUES (170420220711700000035, TO_DATE('17-04-2022' , 'DD-MM-YYYY') ,0000007117)
/
INSERT INTO Mesure VALUES (1704202207117000000353501, 'Temperature', 17.6 ,170420220711700000035)
/
INSERT INTO Mesure VALUES (1704202207117000000353502, 'Pluviometrie',  0.0 ,170420220711700000035)
/
INSERT INTO Mesure VALUES (1704202207117000000353503, 'Vent', 7.92 ,170420220711700000035)
/
INSERT INTO Mesure VALUES (1704202207117000000353504, 'Ensoleillement', 1541 ,170420220711700000035)
/
INSERT INTO Lieu VALUES (0000099952, 'PAYS DE LA LOIRE' ,1000000000)
/
INSERT INTO Lieu VALUES (0000000044, 'LOIRE-ATLANTIQUE' ,0000099952)
/
INSERT INTO Lieu VALUES (0000044150, 'NANTES-BOUGUENAIS' ,0000000044)
/
INSERT INTO Station VALUES (0000007222,0000044150, '0425416378',47.15,-1.608833)
/
INSERT INTO Releve VALUES (170420220722200000036, TO_DATE('17-04-2022' , 'DD-MM-YYYY') ,0000007222)
/
INSERT INTO Mesure VALUES (1704202207222000000363601, 'Temperature', 15.0 ,170420220722200000036)
/
INSERT INTO Mesure VALUES (1704202207222000000363602, 'Pluviometrie',  0.0 ,170420220722200000036)
/
INSERT INTO Mesure VALUES (1704202207222000000363603, 'Vent', 8.28 ,170420220722200000036)
/
INSERT INTO Releve VALUES (170420220755800000037, TO_DATE('17-04-2022' , 'DD-MM-YYYY') ,0000007558)
/
INSERT INTO Mesure VALUES (1704202207558000000373701, 'Temperature', 14.3 ,170420220755800000037)
/
INSERT INTO Mesure VALUES (1704202207558000000373702, 'Pluviometrie',  0.0 ,170420220755800000037)
/
INSERT INTO Mesure VALUES (1704202207558000000373703, 'Vent', 5.04 ,170420220755800000037)
/
INSERT INTO Releve VALUES (170420220762700000038, TO_DATE('17-04-2022' , 'DD-MM-YYYY') ,0000007627)
/
INSERT INTO Mesure VALUES (1704202207627000000383801, 'Temperature', 18.9 ,170420220762700000038)
/
INSERT INTO Mesure VALUES (1704202207627000000383802, 'Pluviometrie',  0.0 ,170420220762700000038)
/
INSERT INTO Mesure VALUES (1704202207627000000383803, 'Vent', 5.76 ,170420220762700000038)
/
INSERT INTO Releve VALUES (170420220714900000039, TO_DATE('17-04-2022' , 'DD-MM-YYYY') ,0000007149)
/
INSERT INTO Mesure VALUES (1704202207149000000393901, 'Temperature', 17.7 ,170420220714900000039)
/
INSERT INTO Mesure VALUES (1704202207149000000393902, 'Pluviometrie',  0.0 ,170420220714900000039)
/
INSERT INTO Mesure VALUES (1704202207149000000393903, 'Vent', 17.28 ,170420220714900000039)
/
INSERT INTO Mesure VALUES (1704202207149000000393904, 'Ensoleillement', 1615 ,170420220714900000039)
/
INSERT INTO Lieu VALUES (0000000087, 'HAUTE-VIENNE' ,0000099975)
/
INSERT INTO Lieu VALUES (0000087085, 'LIMOGES-BELLEGARDE' ,0000000087)
/
INSERT INTO Station VALUES (0000007434,0000087085, '0425416378',45.861167,1.175)
/
INSERT INTO Releve VALUES (170420220743400000040, TO_DATE('17-04-2022' , 'DD-MM-YYYY') ,0000007434)
/
INSERT INTO Mesure VALUES (1704202207434000000404001, 'Temperature', 19.9 ,170420220743400000040)
/
INSERT INTO Mesure VALUES (1704202207434000000404002, 'Pluviometrie',  0.0 ,170420220743400000040)
/
INSERT INTO Mesure VALUES (1704202207434000000404003, 'Vent', 8.28 ,170420220743400000040)
/
INSERT INTO Mesure VALUES (1704202207434000000404004, 'Ensoleillement', 1880 ,170420220743400000040)
/
INSERT INTO Releve VALUES (170420220755800000041, TO_DATE('17-04-2022' , 'DD-MM-YYYY') ,0000007558)
/
INSERT INTO Mesure VALUES (1704202207558000000414101, 'Temperature', 19.7 ,170420220755800000041)
/
INSERT INTO Mesure VALUES (1704202207558000000414102, 'Pluviometrie',  0.0 ,170420220755800000041)
/
INSERT INTO Mesure VALUES (1704202207558000000414103, 'Vent', 15.84 ,170420220755800000041)
/
INSERT INTO Releve VALUES (170420220703700000042, TO_DATE('17-04-2022' , 'DD-MM-YYYY') ,0000007037)
/
INSERT INTO Mesure VALUES (1704202207037000000424201, 'Temperature', 19.4 ,170420220703700000042)
/
INSERT INTO Mesure VALUES (1704202207037000000424202, 'Pluviometrie',  0.0 ,170420220703700000042)
/
INSERT INTO Mesure VALUES (1704202207037000000424203, 'Vent', 20.52 ,170420220703700000042)
/
INSERT INTO Mesure VALUES (1704202207037000000424204, 'Ensoleillement', 1644 ,170420220703700000042)
/
INSERT INTO Lieu VALUES (0000000035, 'ILLE-ET-VILAINE' ,0000099953)
/
INSERT INTO Lieu VALUES (0000035281, 'RENNES-ST JACQUES' ,0000000035)
/
INSERT INTO Station VALUES (0000007130,0000035281, '0425416378',48.068833,-1.734)
/
INSERT INTO Releve VALUES (170420220713000000043, TO_DATE('17-04-2022' , 'DD-MM-YYYY') ,0000007130)
/
INSERT INTO Mesure VALUES (1704202207130000000434301, 'Temperature', 19.6 ,170420220713000000043)
/
INSERT INTO Mesure VALUES (1704202207130000000434302, 'Pluviometrie',  0.0 ,170420220713000000043)
/
INSERT INTO Mesure VALUES (1704202207130000000434303, 'Vent', 6.48 ,170420220713000000043)
/
INSERT INTO Mesure VALUES (1704202207130000000434304, 'Ensoleillement', 2409 ,170420220713000000043)
/
INSERT INTO Lieu VALUES (0000000010, 'AUBE' ,0000099944)
/
INSERT INTO Lieu VALUES (0000010030, 'TROYES-BARBEREY' ,0000000010)
/
INSERT INTO Station VALUES (0000007168,0000010030, '0425416378',48.324667,4.02)
/
INSERT INTO Releve VALUES (170420220716800000044, TO_DATE('17-04-2022' , 'DD-MM-YYYY') ,0000007168)
/
INSERT INTO Mesure VALUES (1704202207168000000444401, 'Temperature', 20.7 ,170420220716800000044)
/
INSERT INTO Mesure VALUES (1704202207168000000444402, 'Pluviometrie',  0.0 ,170420220716800000044)
/
INSERT INTO Mesure VALUES (1704202207168000000444403, 'Vent', 19.8 ,170420220716800000044)
/
INSERT INTO Mesure VALUES (1704202207168000000444404, 'Ensoleillement', 2289 ,170420220716800000044)
/
INSERT INTO Lieu VALUES (0000000040, 'LANDES' ,0000099975)
/
INSERT INTO Lieu VALUES (0000040192, 'MONT-DE-MARSAN' ,0000000040)
/
INSERT INTO Station VALUES (0000007607,0000040192, '0425416378',43.909833,-0.500167)
/
INSERT INTO Releve VALUES (170420220760700000045, TO_DATE('17-04-2022' , 'DD-MM-YYYY') ,0000007607)
/
INSERT INTO Mesure VALUES (1704202207607000000454501, 'Temperature', 11.7 ,170420220760700000045)
/
INSERT INTO Mesure VALUES (1704202207607000000454502, 'Pluviometrie',  0.0 ,170420220760700000045)
/
INSERT INTO Mesure VALUES (1704202207607000000454503, 'Vent', 9.36 ,170420220760700000045)
/
INSERT INTO Mesure VALUES (1704202207607000000454504, 'Ensoleillement', 2418 ,170420220760700000045)
/
INSERT INTO Releve VALUES (170420220762700000046, TO_DATE('17-04-2022' , 'DD-MM-YYYY') ,0000007627)
/
INSERT INTO Mesure VALUES (1704202207627000000464601, 'Temperature', 8.0 ,170420220762700000046)
/
INSERT INTO Mesure VALUES (1704202207627000000464602, 'Pluviometrie',  0.0 ,170420220762700000046)
/
INSERT INTO Mesure VALUES (1704202207627000000464603, 'Vent', 0.0 ,170420220762700000046)
/
INSERT INTO Lieu VALUES (0000000014, 'CALVADOS' ,0000099928)
/
INSERT INTO Lieu VALUES (0000014137, 'CAEN-CARPIQUET' ,0000000014)
/
INSERT INTO Station VALUES (0000007027,0000014137, '0425416378',49.18,-0.456167)
/
INSERT INTO Releve VALUES (170420220702700000047, TO_DATE('17-04-2022' , 'DD-MM-YYYY') ,0000007027)
/
INSERT INTO Mesure VALUES (1704202207027000000474701, 'Temperature', 6.1 ,170420220702700000047)
/
INSERT INTO Mesure VALUES (1704202207027000000474702, 'Pluviometrie',  0.0 ,170420220702700000047)
/
INSERT INTO Mesure VALUES (1704202207027000000474703, 'Vent', 6.12 ,170420220702700000047)
/
INSERT INTO Releve VALUES (170420220713900000048, TO_DATE('17-04-2022' , 'DD-MM-YYYY') ,0000007139)
/
INSERT INTO Mesure VALUES (1704202207139000000484801, 'Temperature', 6.5 ,170420220713900000048)
/
INSERT INTO Mesure VALUES (1704202207139000000484802, 'Pluviometrie',  0.0 ,170420220713900000048)
/
INSERT INTO Mesure VALUES (1704202207139000000484803, 'Vent', 8.64 ,170420220713900000048)
/
INSERT INTO Releve VALUES (170420220720700000049, TO_DATE('17-04-2022' , 'DD-MM-YYYY') ,0000007207)
/
INSERT INTO Mesure VALUES (1704202207207000000494901, 'Temperature', 12.3 ,170420220720700000049)
/
INSERT INTO Mesure VALUES (1704202207207000000494902, 'Pluviometrie',  0.0 ,170420220720700000049)
/
INSERT INTO Mesure VALUES (1704202207207000000494903, 'Vent', 17.64 ,170420220720700000049)
/
INSERT INTO Mesure VALUES (1704202207207000000494904, 'Ensoleillement', 1576 ,170420220720700000049)
/
INSERT INTO Lieu VALUES (0000000006, 'ALPES-MARITIMES' ,0000099993)
/
INSERT INTO Lieu VALUES (0000006088, 'NICE' ,0000000006)
/
INSERT INTO Station VALUES (0000007690,0000006088, '0425416378',43.648833,7.209)
/
INSERT INTO Releve VALUES (170420220769000000050, TO_DATE('17-04-2022' , 'DD-MM-YYYY') ,0000007690)
/
INSERT INTO Mesure VALUES (1704202207690000000505001, 'Temperature', 16.1 ,170420220769000000050)
/
INSERT INTO Mesure VALUES (1704202207690000000505002, 'Pluviometrie',  0.0 ,170420220769000000050)
/
INSERT INTO Mesure VALUES (1704202207690000000505003, 'Vent', 15.48 ,170420220769000000050)
/
INSERT INTO Lieu VALUES (0000000066, 'PYRENEES-ORIENTALES' ,0000099976)
/
INSERT INTO Lieu VALUES (0000066136, 'PERPIGNAN' ,0000000066)
/
INSERT INTO Station VALUES (0000007747,0000066136, '0425416378',42.737167,2.872833)
/
INSERT INTO Releve VALUES (170420220774700000051, TO_DATE('17-04-2022' , 'DD-MM-YYYY') ,0000007747)
/
INSERT INTO Mesure VALUES (1704202207747000000515101, 'Temperature', 15.7 ,170420220774700000051)
/
INSERT INTO Mesure VALUES (1704202207747000000515102, 'Pluviometrie',  0.0 ,170420220774700000051)
/
INSERT INTO Mesure VALUES (1704202207747000000515103, 'Vent', 14.04 ,170420220774700000051)
/
INSERT INTO Mesure VALUES (1704202207747000000515104, 'Ensoleillement', 2324 ,170420220774700000051)
/
INSERT INTO Lieu VALUES (0000000005, 'HAUTES-ALPES' ,0000099993)
/
INSERT INTO Lieu VALUES (0000005046, 'EMBRUN' ,0000000005)
/
INSERT INTO Station VALUES (0000007591,0000005046, '0425416378',44.565667,6.502333)
/
INSERT INTO Releve VALUES (170420220759100000052, TO_DATE('17-04-2022' , 'DD-MM-YYYY') ,0000007591)
/
INSERT INTO Mesure VALUES (1704202207591000000525201, 'Temperature', 16.5 ,170420220759100000052)
/
INSERT INTO Mesure VALUES (1704202207591000000525202, 'Pluviometrie',  0.0 ,170420220759100000052)
/
INSERT INTO Mesure VALUES (1704202207591000000525203, 'Vent', 7.2 ,170420220759100000052)
/
INSERT INTO Releve VALUES (170420220764300000053, TO_DATE('17-04-2022' , 'DD-MM-YYYY') ,0000007643)
/
INSERT INTO Mesure VALUES (1704202207643000000535301, 'Temperature', 19.0 ,170420220764300000053)
/
INSERT INTO Mesure VALUES (1704202207643000000535302, 'Pluviometrie',  0.0 ,170420220764300000053)
/
INSERT INTO Mesure VALUES (1704202207643000000535303, 'Vent', 11.16 ,170420220764300000053)
/
INSERT INTO Mesure VALUES (1704202207643000000535304, 'Ensoleillement', 2276 ,170420220764300000053)
/
INSERT INTO Releve VALUES (170420226198000000054, TO_DATE('17-04-2022' , 'DD-MM-YYYY') ,0000061980)
/
INSERT INTO Mesure VALUES (1704202261980000000545401, 'Temperature', 29.2 ,170420226198000000054)
/
INSERT INTO Mesure VALUES (1704202261980000000545402, 'Pluviometrie',  0.0 ,170420226198000000054)
/
INSERT INTO Mesure VALUES (1704202261980000000545403, 'Vent', 32.4 ,170420226198000000054)
/
INSERT INTO Mesure VALUES (1704202261980000000545404, 'Ensoleillement', 2174 ,170420226198000000054)
/
INSERT INTO Releve VALUES (170420220713900000055, TO_DATE('17-04-2022' , 'DD-MM-YYYY') ,0000007139)
/
INSERT INTO Mesure VALUES (1704202207139000000555501, 'Temperature', 20.1 ,170420220713900000055)
/
INSERT INTO Mesure VALUES (1704202207139000000555502, 'Pluviometrie',  0.0 ,170420220713900000055)
/
INSERT INTO Mesure VALUES (1704202207139000000555503, 'Vent', 8.28 ,170420220713900000055)
/
INSERT INTO Mesure VALUES (1704202207139000000555504, 'Ensoleillement', 1539 ,170420220713900000055)
/
INSERT INTO Lieu VALUES (0000099903, 'GUYANE' ,1000000000)
/
INSERT INTO Lieu VALUES (0000000973, 'GUYANE' ,0000099903)
/
INSERT INTO Lieu VALUES (0000097307, 'CAYENNE-MATOURY' ,0000000973)
/
INSERT INTO Station VALUES (0000081405,0000097307, '0425416378',4.822333,-52.365333)
/
INSERT INTO Releve VALUES (170420228140500000056, TO_DATE('17-04-2022' , 'DD-MM-YYYY') ,0000081405)
/
INSERT INTO Mesure VALUES (1704202281405000000565601, 'Temperature', 29.3 ,170420228140500000056)
/
INSERT INTO Mesure VALUES (1704202281405000000565602, 'Pluviometrie',  -0.1 ,170420228140500000056)
/
INSERT INTO Mesure VALUES (1704202281405000000565603, 'Vent', 27.36 ,170420228140500000056)
/
INSERT INTO Mesure VALUES (1704202281405000000565604, 'Ensoleillement', 1984 ,170420228140500000056)
/
INSERT INTO Releve VALUES (170420227892500000057, TO_DATE('17-04-2022' , 'DD-MM-YYYY') ,0000078925)
/
INSERT INTO Mesure VALUES (1704202278925000000575701, 'Temperature', 26.0 ,170420227892500000057)
/
INSERT INTO Mesure VALUES (1704202278925000000575702, 'Pluviometrie',  0.0 ,170420227892500000057)
/
INSERT INTO Mesure VALUES (1704202278925000000575703, 'Vent', 28.8 ,170420227892500000057)
/
INSERT INTO Mesure VALUES (1704202278925000000575704, 'Ensoleillement', 2079 ,170420227892500000057)
/
INSERT INTO Releve VALUES (170420220724000000058, TO_DATE('17-04-2022' , 'DD-MM-YYYY') ,0000007240)
/
INSERT INTO Mesure VALUES (1704202207240000000585801, 'Temperature', 7.2 ,170420220724000000058)
/
INSERT INTO Mesure VALUES (1704202207240000000585802, 'Pluviometrie',  0.0 ,170420220724000000058)
/
INSERT INTO Mesure VALUES (1704202207240000000585803, 'Vent', 5.04 ,170420220724000000058)
/
INSERT INTO Mesure VALUES (1704202207240000000585804, 'Ensoleillement', 1922 ,170420220724000000058)
/
INSERT INTO Releve VALUES (170420227892500000059, TO_DATE('17-04-2022' , 'DD-MM-YYYY') ,0000078925)
/
INSERT INTO Mesure VALUES (1704202278925000000595901, 'Temperature', 25.6 ,170420227892500000059)
/
INSERT INTO Mesure VALUES (1704202278925000000595902, 'Pluviometrie',  0.0 ,170420227892500000059)
/
INSERT INTO Mesure VALUES (1704202278925000000595903, 'Vent', 16.56 ,170420227892500000059)
/
INSERT INTO Mesure VALUES (1704202278925000000595904, 'Ensoleillement', 2315 ,170420227892500000059)
/
INSERT INTO Lieu VALUES (0000000086, 'VIENNE' ,0000099975)
/
INSERT INTO Lieu VALUES (0000086194, 'POITIERS-BIARD' ,0000000086)
/
INSERT INTO Station VALUES (0000007335,0000086194, '0425416378',46.593833,0.314333)
/
INSERT INTO Releve VALUES (170420220733500000060, TO_DATE('17-04-2022' , 'DD-MM-YYYY') ,0000007335)
/
INSERT INTO Mesure VALUES (1704202207335000000606001, 'Temperature', 14.6 ,170420220733500000060)
/
INSERT INTO Mesure VALUES (1704202207335000000606002, 'Pluviometrie',  0.0 ,170420220733500000060)
/
INSERT INTO Mesure VALUES (1704202207335000000606003, 'Vent', 15.84 ,170420220733500000060)
/
INSERT INTO Mesure VALUES (1704202207335000000606004, 'Ensoleillement', 1548 ,170420220733500000060)
/
INSERT INTO Lieu VALUES (0000098415, 'TROMELIN' ,0000000984)
/
INSERT INTO Station VALUES (0000061976,0000098415, '0425416378',-15.887667,54.520667)
/
INSERT INTO Releve VALUES (170420226197600000061, TO_DATE('17-04-2022' , 'DD-MM-YYYY') ,0000061976)
/
INSERT INTO Mesure VALUES (1704202261976000000616101, 'Temperature', 30.9 ,170420226197600000061)
/
INSERT INTO Mesure VALUES (1704202261976000000616102, 'Pluviometrie',  0.0 ,170420226197600000061)
/
INSERT INTO Mesure VALUES (1704202261976000000616104, 'Ensoleillement', 1668 ,170420226197600000061)
/
INSERT INTO Lieu VALUES (0000000067, 'BAS-RHIN' ,0000099944)
/
INSERT INTO Lieu VALUES (0000067212, 'STRASBOURG-ENTZHEIM' ,0000000067)
/
INSERT INTO Station VALUES (0000007190,0000067212, '0425416378',48.5495,7.640333)
/
INSERT INTO Releve VALUES (170420220719000000062, TO_DATE('17-04-2022' , 'DD-MM-YYYY') ,0000007190)
/
INSERT INTO Mesure VALUES (1704202207190000000626201, 'Temperature', 16.7 ,170420220719000000062)
/
INSERT INTO Mesure VALUES (1704202207190000000626202, 'Pluviometrie',  0.0 ,170420220719000000062)
/
INSERT INTO Mesure VALUES (1704202207190000000626203, 'Vent', 23.76 ,170420220719000000062)
/
INSERT INTO Releve VALUES (170420220733500000063, TO_DATE('17-04-2022' , 'DD-MM-YYYY') ,0000007335)
/
INSERT INTO Mesure VALUES (1704202207335000000636301, 'Temperature', 18.9 ,170420220733500000063)
/
INSERT INTO Mesure VALUES (1704202207335000000636302, 'Pluviometrie',  0.0 ,170420220733500000063)
/
INSERT INTO Mesure VALUES (1704202207335000000636303, 'Vent', 11.16 ,170420220733500000063)
/
INSERT INTO Mesure VALUES (1704202207335000000636304, 'Ensoleillement', 1782 ,170420220733500000063)
/
INSERT INTO Releve VALUES (170420220751000000064, TO_DATE('17-04-2022' , 'DD-MM-YYYY') ,0000007510)
/
INSERT INTO Mesure VALUES (1704202207510000000646401, 'Temperature', 22.3 ,170420220751000000064)
/
INSERT INTO Mesure VALUES (1704202207510000000646402, 'Pluviometrie',  0.0 ,170420220751000000064)
/
INSERT INTO Mesure VALUES (1704202207510000000646403, 'Vent', 15.12 ,170420220751000000064)
/
INSERT INTO Lieu VALUES (0000000050, 'MANCHE' ,0000099928)
/
INSERT INTO Lieu VALUES (0000050041, 'PTE DE LA HAGUE' ,0000000050)
/
INSERT INTO Station VALUES (0000007020,0000050041, '0425416378',49.725167,-1.939833)
/
INSERT INTO Releve VALUES (170420220702000000065, TO_DATE('17-04-2022' , 'DD-MM-YYYY') ,0000007020)
/
INSERT INTO Mesure VALUES (1704202207020000000656501, 'Temperature', 13.7 ,170420220702000000065)
/
INSERT INTO Mesure VALUES (1704202207020000000656502, 'Pluviometrie',  0.0 ,170420220702000000065)
/
INSERT INTO Mesure VALUES (1704202207020000000656503, 'Vent', 12.6 ,170420220702000000065)
/
INSERT INTO Releve VALUES (170420220707200000066, TO_DATE('17-04-2022' , 'DD-MM-YYYY') ,0000007072)
/
INSERT INTO Mesure VALUES (1704202207072000000666601, 'Temperature', 14.4 ,170420220707200000066)
/
INSERT INTO Mesure VALUES (1704202207072000000666602, 'Pluviometrie',  0.0 ,170420220707200000066)
/
INSERT INTO Mesure VALUES (1704202207072000000666603, 'Vent', 10.44 ,170420220707200000066)
/
INSERT INTO Releve VALUES (170420220764300000067, TO_DATE('17-04-2022' , 'DD-MM-YYYY') ,0000007643)
/
INSERT INTO Mesure VALUES (1704202207643000000676701, 'Temperature', 15.8 ,170420220764300000067)
/
INSERT INTO Mesure VALUES (1704202207643000000676702, 'Pluviometrie',  0.0 ,170420220764300000067)
/
INSERT INTO Mesure VALUES (1704202207643000000676703, 'Vent', 16.56 ,170420220764300000067)
/
INSERT INTO Mesure VALUES (1704202207643000000676704, 'Ensoleillement', 1771 ,170420220764300000067)
/
INSERT INTO Lieu VALUES (0000000083, 'VAR' ,0000099993)
/
INSERT INTO Lieu VALUES (0000083153, 'CAP CEPET' ,0000000083)
/
INSERT INTO Station VALUES (0000007661,0000083153, '0425416378',43.079333,5.940833)
/
INSERT INTO Releve VALUES (170420220766100000068, TO_DATE('17-04-2022' , 'DD-MM-YYYY') ,0000007661)
/
INSERT INTO Mesure VALUES (1704202207661000000686803, 'Vent', 12.6 ,170420220766100000068)
/
INSERT INTO Releve VALUES (170420220702700000069, TO_DATE('17-04-2022' , 'DD-MM-YYYY') ,0000007027)
/
INSERT INTO Mesure VALUES (1704202207027000000696901, 'Temperature', 7.9 ,170420220702700000069)
/
INSERT INTO Mesure VALUES (1704202207027000000696902, 'Pluviometrie',  0.0 ,170420220702700000069)
/
INSERT INTO Mesure VALUES (1704202207027000000696903, 'Vent', 1.8 ,170420220702700000069)
/
INSERT INTO Releve VALUES (170420220711700000070, TO_DATE('17-04-2022' , 'DD-MM-YYYY') ,0000007117)
/
INSERT INTO Mesure VALUES (1704202207117000000707001, 'Temperature', 10.7 ,170420220711700000070)
/
INSERT INTO Mesure VALUES (1704202207117000000707002, 'Pluviometrie',  0.0 ,170420220711700000070)
/
INSERT INTO Mesure VALUES (1704202207117000000707003, 'Vent', 11.88 ,170420220711700000070)
/
INSERT INTO Releve VALUES (170420220719000000071, TO_DATE('17-04-2022' , 'DD-MM-YYYY') ,0000007190)
/
INSERT INTO Mesure VALUES (1704202207190000000717101, 'Temperature', 6.4 ,170420220719000000071)
/
INSERT INTO Mesure VALUES (1704202207190000000717102, 'Pluviometrie',  0.0 ,170420220719000000071)
/
INSERT INTO Mesure VALUES (1704202207190000000717103, 'Vent', 14.04 ,170420220719000000071)
/
INSERT INTO Mesure VALUES (1704202207190000000717104, 'Ensoleillement', 1565 ,170420220719000000071)
/
INSERT INTO Releve VALUES (170420220722200000072, TO_DATE('17-04-2022' , 'DD-MM-YYYY') ,0000007222)
/
INSERT INTO Mesure VALUES (1704202207222000000727201, 'Temperature', 13.4 ,170420220722200000072)
/
INSERT INTO Mesure VALUES (1704202207222000000727202, 'Pluviometrie',  0.0 ,170420220722200000072)
/
INSERT INTO Mesure VALUES (1704202207222000000727203, 'Vent', 10.8 ,170420220722200000072)
/
INSERT INTO Mesure VALUES (1704202207222000000727204, 'Ensoleillement', 1538 ,170420220722200000072)
/
INSERT INTO Releve VALUES (170420226199800000073, TO_DATE('17-04-2022' , 'DD-MM-YYYY') ,0000061998)
/
INSERT INTO Mesure VALUES (1704202261998000000737301, 'Temperature', 8.6 ,170420226199800000073)
/
INSERT INTO Mesure VALUES (1704202261998000000737303, 'Vent', 35.28 ,170420226199800000073)
/
INSERT INTO Mesure VALUES (1704202261998000000737304, 'Ensoleillement', 1609 ,170420226199800000073)
/
INSERT INTO Releve VALUES (170420228140500000074, TO_DATE('17-04-2022' , 'DD-MM-YYYY') ,0000081405)
/
INSERT INTO Mesure VALUES (1704202281405000000747401, 'Temperature', 23.8 ,170420228140500000074)
/
INSERT INTO Mesure VALUES (1704202281405000000747402, 'Pluviometrie',  0.0 ,170420228140500000074)
/
INSERT INTO Mesure VALUES (1704202281405000000747403, 'Vent', 0.0 ,170420228140500000074)
/
INSERT INTO Mesure VALUES (1704202281405000000747404, 'Ensoleillement', 2250 ,170420228140500000074)
/
INSERT INTO Releve VALUES (170420220719000000075, TO_DATE('17-04-2022' , 'DD-MM-YYYY') ,0000007190)
/
INSERT INTO Mesure VALUES (1704202207190000000757501, 'Temperature', 5.8 ,170420220719000000075)
/
INSERT INTO Mesure VALUES (1704202207190000000757502, 'Pluviometrie',  0.0 ,170420220719000000075)
/
INSERT INTO Mesure VALUES (1704202207190000000757503, 'Vent', 11.52 ,170420220719000000075)
/
INSERT INTO Mesure VALUES (1704202207190000000757504, 'Ensoleillement', 1756 ,170420220719000000075)
/
INSERT INTO Releve VALUES (170420220720700000076, TO_DATE('17-04-2022' , 'DD-MM-YYYY') ,0000007207)
/
INSERT INTO Mesure VALUES (1704202207207000000767601, 'Temperature', 11.9 ,170420220720700000076)
/
INSERT INTO Mesure VALUES (1704202207207000000767602, 'Pluviometrie',  0.0 ,170420220720700000076)
/
INSERT INTO Mesure VALUES (1704202207207000000767603, 'Vent', 17.28 ,170420220720700000076)
/
INSERT INTO Lieu VALUES (0000099994, 'CORSE' ,1000000000)
/
INSERT INTO Lieu VALUES (0000022223, 'HAUTE-CORSE' ,0000099994)
/
INSERT INTO Lieu VALUES (0022223148, 'BASTIA' ,0000022223)
/
INSERT INTO Station VALUES (0000007790,0022223148, '0425416378',42.540667,9.485167)
/
INSERT INTO Releve VALUES (170420220779000000077, TO_DATE('17-04-2022' , 'DD-MM-YYYY') ,0000007790)
/
INSERT INTO Mesure VALUES (1704202207790000000777701, 'Temperature', 14.0 ,170420220779000000077)
/
INSERT INTO Mesure VALUES (1704202207790000000777702, 'Pluviometrie',  0.0 ,170420220779000000077)
/
INSERT INTO Mesure VALUES (1704202207790000000777703, 'Vent', 25.92 ,170420220779000000077)
/
INSERT INTO Mesure VALUES (1704202207790000000777704, 'Ensoleillement', 2453 ,170420220779000000077)
/
INSERT INTO Lieu VALUES (0000000068, 'HAUT-RHIN' ,0000099944)
/
INSERT INTO Lieu VALUES (0000068042, 'BALE-MULHOUSE' ,0000000068)
/
INSERT INTO Station VALUES (0000007299,0000068042, '0425416378',47.614333,7.51)
/
INSERT INTO Releve VALUES (170420220729900000078, TO_DATE('17-04-2022' , 'DD-MM-YYYY') ,0000007299)
/
INSERT INTO Mesure VALUES (1704202207299000000787801, 'Temperature', 10.3 ,170420220729900000078)
/
INSERT INTO Mesure VALUES (1704202207299000000787802, 'Pluviometrie',  0.0 ,170420220729900000078)
/
INSERT INTO Mesure VALUES (1704202207299000000787803, 'Vent', 10.08 ,170420220729900000078)
/
INSERT INTO Releve VALUES (170420226700500000079, TO_DATE('17-04-2022' , 'DD-MM-YYYY') ,0000067005)
/
INSERT INTO Mesure VALUES (1704202267005000000797901, 'Temperature', 32.4 ,170420226700500000079)
/
INSERT INTO Mesure VALUES (1704202267005000000797902, 'Pluviometrie',  0.0 ,170420226700500000079)
/
INSERT INTO Mesure VALUES (1704202267005000000797903, 'Vent', 21.24 ,170420226700500000079)
/
INSERT INTO Lieu VALUES (0000097308, 'SAINT GEORGES' ,0000000973)
/
INSERT INTO Station VALUES (0000081408,0000097308, '0425416378',3.890667,-51.804667)
/
INSERT INTO Releve VALUES (170420228140800000080, TO_DATE('17-04-2022' , 'DD-MM-YYYY') ,0000081408)
/
INSERT INTO Mesure VALUES (1704202281408000000808001, 'Temperature', 28.7 ,170420228140800000080)
/
INSERT INTO Mesure VALUES (1704202281408000000808002, 'Pluviometrie',  0.0 ,170420228140800000080)
/
INSERT INTO Mesure VALUES (1704202281408000000808003, 'Vent', 7.56 ,170420228140800000080)
/
INSERT INTO Mesure VALUES (1704202281408000000808004, 'Ensoleillement', 2074 ,170420228140800000080)
/
INSERT INTO Lieu VALUES (0000097353, 'MARIPASOULA' ,0000000973)
/
INSERT INTO Station VALUES (0000081415,0000097353, '0425416378',3.640167,-54.028333)
/
INSERT INTO Releve VALUES (170420228141500000081, TO_DATE('17-04-2022' , 'DD-MM-YYYY') ,0000081415)
/
INSERT INTO Mesure VALUES (1704202281415000000818101, 'Temperature', 25.9 ,170420228141500000081)
/
INSERT INTO Mesure VALUES (1704202281415000000818103, 'Vent', 7.56 ,170420228141500000081)
/
INSERT INTO Mesure VALUES (1704202281415000000818104, 'Ensoleillement', 1768 ,170420228141500000081)
/
INSERT INTO Lieu VALUES (0000000046, 'LOT' ,0000099976)
/
INSERT INTO Lieu VALUES (0000046127, 'GOURDON' ,0000000046)
/
INSERT INTO Station VALUES (0000007535,0000046127, '0425416378',44.745,1.396667)
/
INSERT INTO Releve VALUES (170420220753500000082, TO_DATE('17-04-2022' , 'DD-MM-YYYY') ,0000007535)
/
INSERT INTO Mesure VALUES (1704202207535000000828201, 'Temperature', 23.7 ,170420220753500000082)
/
INSERT INTO Mesure VALUES (1704202207535000000828202, 'Pluviometrie',  0.0 ,170420220753500000082)
/
INSERT INTO Mesure VALUES (1704202207535000000828203, 'Vent', 5.76 ,170420220753500000082)
/
INSERT INTO Releve VALUES (170420220764300000083, TO_DATE('17-04-2022' , 'DD-MM-YYYY') ,0000007643)
/
INSERT INTO Mesure VALUES (1704202207643000000838301, 'Temperature', 18.1 ,170420220764300000083)
/
INSERT INTO Mesure VALUES (1704202207643000000838302, 'Pluviometrie',  0.0 ,170420220764300000083)
/
INSERT INTO Mesure VALUES (1704202207643000000838303, 'Vent', 15.12 ,170420220764300000083)
/
INSERT INTO Mesure VALUES (1704202207643000000838304, 'Ensoleillement', 2033 ,170420220764300000083)
/
INSERT INTO Releve VALUES (170420220757700000084, TO_DATE('17-04-2022' , 'DD-MM-YYYY') ,0000007577)
/
INSERT INTO Mesure VALUES (1704202207577000000848401, 'Temperature', 18.3 ,170420220757700000084)
/
INSERT INTO Mesure VALUES (1704202207577000000848402, 'Pluviometrie',  0.0 ,170420220757700000084)
/
INSERT INTO Mesure VALUES (1704202207577000000848403, 'Vent', 10.08 ,170420220757700000084)
/
INSERT INTO Releve VALUES (170420220701500000085, TO_DATE('17-04-2022' , 'DD-MM-YYYY') ,0000007015)
/
INSERT INTO Mesure VALUES (1704202207015000000858501, 'Temperature', 6.9 ,170420220701500000085)
/
INSERT INTO Mesure VALUES (1704202207015000000858502, 'Pluviometrie',  0.0 ,170420220701500000085)
/
INSERT INTO Mesure VALUES (1704202207015000000858503, 'Vent', 7.2 ,170420220701500000085)
/
INSERT INTO Releve VALUES (170420220743400000086, TO_DATE('17-04-2022' , 'DD-MM-YYYY') ,0000007434)
/
INSERT INTO Mesure VALUES (1704202207434000000868601, 'Temperature', 9.6 ,170420220743400000086)
/
INSERT INTO Mesure VALUES (1704202207434000000868602, 'Pluviometrie',  0.0 ,170420220743400000086)
/
INSERT INTO Mesure VALUES (1704202207434000000868603, 'Vent', 13.68 ,170420220743400000086)
/
INSERT INTO Releve VALUES (170420220765000000087, TO_DATE('17-04-2022' , 'DD-MM-YYYY') ,0000007650)
/
INSERT INTO Mesure VALUES (1704202207650000000878701, 'Temperature', 12.0 ,170420220765000000087)
/
INSERT INTO Mesure VALUES (1704202207650000000878702, 'Pluviometrie',  0.0 ,170420220765000000087)
/
INSERT INTO Mesure VALUES (1704202207650000000878703, 'Vent', 10.8 ,170420220765000000087)
/
INSERT INTO Mesure VALUES (1704202207650000000878704, 'Ensoleillement', 2056 ,170420220765000000087)
/
INSERT INTO Releve VALUES (170420226198000000088, TO_DATE('17-04-2022' , 'DD-MM-YYYY') ,0000061980)
/
INSERT INTO Mesure VALUES (1704202261980000000888801, 'Temperature', 24.3 ,170420226198000000088)
/
INSERT INTO Mesure VALUES (1704202261980000000888802, 'Pluviometrie',  0.0 ,170420226198000000088)
/
INSERT INTO Mesure VALUES (1704202261980000000888803, 'Vent', 27.0 ,170420226198000000088)
/
INSERT INTO Mesure VALUES (1704202261980000000888804, 'Ensoleillement', 1793 ,170420226198000000088)
/
INSERT INTO Releve VALUES (170420228140800000089, TO_DATE('17-04-2022' , 'DD-MM-YYYY') ,0000081408)
/
INSERT INTO Mesure VALUES (1704202281408000000898901, 'Temperature', 23.4 ,170420228140800000089)
/
INSERT INTO Mesure VALUES (1704202281408000000898902, 'Pluviometrie',  0.0 ,170420228140800000089)
/
INSERT INTO Mesure VALUES (1704202281408000000898903, 'Vent', 0.0 ,170420228140800000089)
/
INSERT INTO Releve VALUES (170420220757700000090, TO_DATE('17-04-2022' , 'DD-MM-YYYY') ,0000007577)
/
INSERT INTO Mesure VALUES (1704202207577000000909001, 'Temperature', 15.0 ,170420220757700000090)
/
INSERT INTO Mesure VALUES (1704202207577000000909002, 'Pluviometrie',  0.0 ,170420220757700000090)
/
INSERT INTO Mesure VALUES (1704202207577000000909003, 'Vent', 23.4 ,170420220757700000090)
/
INSERT INTO Lieu VALUES (0000098415, 'EUROPA' ,0000000984)
/
INSERT INTO Station VALUES (0000061972,0000098415, '0425416378',-22.344167,40.340667)
/
INSERT INTO Releve VALUES (170420226197200000091, TO_DATE('17-04-2022' , 'DD-MM-YYYY') ,0000061972)
/
INSERT INTO Mesure VALUES (1704202261972000000919101, 'Temperature', 29.9 ,170420226197200000091)
/
INSERT INTO Mesure VALUES (1704202261972000000919102, 'Pluviometrie',  0.0 ,170420226197200000091)
/
INSERT INTO Mesure VALUES (1704202261972000000919103, 'Vent', 35.28 ,170420226197200000091)
/
INSERT INTO Releve VALUES (170420220729900000092, TO_DATE('17-04-2022' , 'DD-MM-YYYY') ,0000007299)
/
INSERT INTO Mesure VALUES (1704202207299000000929201, 'Temperature', 16.1 ,170420220729900000092)
/
INSERT INTO Mesure VALUES (1704202207299000000929202, 'Pluviometrie',  0.0 ,170420220729900000092)
/
INSERT INTO Mesure VALUES (1704202207299000000929203, 'Vent', 6.48 ,170420220729900000092)
/
INSERT INTO Releve VALUES (170420220759100000093, TO_DATE('17-04-2022' , 'DD-MM-YYYY') ,0000007591)
/
INSERT INTO Mesure VALUES (1704202207591000000939301, 'Temperature', 19.0 ,170420220759100000093)
/
INSERT INTO Mesure VALUES (1704202207591000000939302, 'Pluviometrie',  0.0 ,170420220759100000093)
/
INSERT INTO Mesure VALUES (1704202207591000000939303, 'Vent', 19.08 ,170420220759100000093)
/
INSERT INTO Releve VALUES (170420220769000000094, TO_DATE('17-04-2022' , 'DD-MM-YYYY') ,0000007690)
/
INSERT INTO Mesure VALUES (1704202207690000000949401, 'Temperature', 16.9 ,170420220769000000094)
/
INSERT INTO Mesure VALUES (1704202207690000000949402, 'Pluviometrie',  0.0 ,170420220769000000094)
/
INSERT INTO Mesure VALUES (1704202207690000000949403, 'Vent', 10.44 ,170420220769000000094)
/
INSERT INTO Releve VALUES (170420220720700000095, TO_DATE('17-04-2022' , 'DD-MM-YYYY') ,0000007207)
/
INSERT INTO Mesure VALUES (1704202207207000000959501, 'Temperature', 14.6 ,170420220720700000095)
/
INSERT INTO Mesure VALUES (1704202207207000000959502, 'Pluviometrie',  0.0 ,170420220720700000095)
/
INSERT INTO Mesure VALUES (1704202207207000000959503, 'Vent', 14.4 ,170420220720700000095)
/
INSERT INTO Mesure VALUES (1704202207207000000959504, 'Ensoleillement', 1461 ,170420220720700000095)
/
INSERT INTO Releve VALUES (170420220755800000096, TO_DATE('17-04-2022' , 'DD-MM-YYYY') ,0000007558)
/
INSERT INTO Mesure VALUES (1704202207558000000969601, 'Temperature', 17.5 ,170420220755800000096)
/
INSERT INTO Mesure VALUES (1704202207558000000969602, 'Pluviometrie',  0.0 ,170420220755800000096)
/
INSERT INTO Mesure VALUES (1704202207558000000969603, 'Vent', 32.04 ,170420220755800000096)
/
INSERT INTO Lieu VALUES (0000999975, 'SAINT-PIERRE-ET-MIQUELON' ,1000000000)
/
INSERT INTO Lieu VALUES (0000000975, 'SAINT-PIERRE-ET-MIQUELON' ,0000999975)
/
INSERT INTO Lieu VALUES (0000097502, 'ST-PIERRE' ,0000000975)
/
INSERT INTO Station VALUES (0000071805,0000097502, '0425416378',46.766333,-56.179167)
/
INSERT INTO Releve VALUES (170420227180500000097, TO_DATE('17-04-2022' , 'DD-MM-YYYY') ,0000071805)
/
INSERT INTO Mesure VALUES (1704202271805000000979701, 'Temperature', 4.9 ,170420227180500000097)
/
INSERT INTO Mesure VALUES (1704202271805000000979702, 'Pluviometrie',  -0.1 ,170420227180500000097)
/
INSERT INTO Mesure VALUES (1704202271805000000979703, 'Vent', 34.2 ,170420227180500000097)
/
INSERT INTO Mesure VALUES (1704202271805000000979704, 'Ensoleillement', 1818 ,170420227180500000097)
/
INSERT INTO Releve VALUES (170420220762100000098, TO_DATE('17-04-2022' , 'DD-MM-YYYY') ,0000007621)
/
INSERT INTO Mesure VALUES (1704202207621000000989801, 'Temperature', 10.2 ,170420220762100000098)
/
INSERT INTO Mesure VALUES (1704202207621000000989802, 'Pluviometrie',  0.0 ,170420220762100000098)
/
INSERT INTO Mesure VALUES (1704202207621000000989803, 'Vent', 14.04 ,170420220762100000098)
/
INSERT INTO Mesure VALUES (1704202207621000000989804, 'Ensoleillement', 1539 ,170420220762100000098)
/
INSERT INTO Releve VALUES (170420226197200000099, TO_DATE('17-04-2022' , 'DD-MM-YYYY') ,0000061972)
/
INSERT INTO Mesure VALUES (1704202261972000000999901, 'Temperature', 26.6 ,170420226197200000099)
/
INSERT INTO Mesure VALUES (1704202261972000000999902, 'Pluviometrie',  0.0 ,170420226197200000099)
/
INSERT INTO Mesure VALUES (1704202261972000000999903, 'Vent', 21.96 ,170420226197200000099)
/
INSERT INTO Releve VALUES (170420226197600000100, TO_DATE('17-04-2022' , 'DD-MM-YYYY') ,0000061976)
/
INSERT INTO Mesure VALUES (17042022619760000010010001, 'Temperature', 29.9 ,170420226197600000100)
/
INSERT INTO Mesure VALUES (17042022619760000010010002, 'Pluviometrie',  0.0 ,170420226197600000100)
/
INSERT INTO Releve VALUES (170420220743400000101, TO_DATE('17-04-2022' , 'DD-MM-YYYY') ,0000007434)
/
INSERT INTO Mesure VALUES (17042022074340000010110101, 'Temperature', 15.5 ,170420220743400000101)
/
INSERT INTO Mesure VALUES (17042022074340000010110102, 'Pluviometrie',  0.0 ,170420220743400000101)
/
INSERT INTO Mesure VALUES (17042022074340000010110103, 'Vent', 7.56 ,170420220743400000101)
/
INSERT INTO Lieu VALUES (0000000029, 'FINISTERE' ,0000099953)
/
INSERT INTO Lieu VALUES (0000029075, 'BREST-GUIPAVAS' ,0000000029)
/
INSERT INTO Station VALUES (0000007110,0000029075, '0425416378',48.444167,-4.412)
/
INSERT INTO Releve VALUES (170420220711000000102, TO_DATE('17-04-2022' , 'DD-MM-YYYY') ,0000007110)
/
INSERT INTO Mesure VALUES (17042022071100000010210201, 'Temperature', 13.8 ,170420220711000000102)
/
INSERT INTO Mesure VALUES (17042022071100000010210202, 'Pluviometrie',  0.0 ,170420220711000000102)
/
INSERT INTO Mesure VALUES (17042022071100000010210203, 'Vent', 10.08 ,170420220711000000102)
/
INSERT INTO Mesure VALUES (17042022071100000010210204, 'Ensoleillement', 2056 ,170420220711000000102)
/
INSERT INTO Lieu VALUES (0000000018, 'CHER' ,0000099924)
/
INSERT INTO Lieu VALUES (0000018033, 'BOURGES' ,0000000018)
/
INSERT INTO Station VALUES (0000007255,0000018033, '0425416378',47.059167,2.359833)
/
INSERT INTO Releve VALUES (170420220725500000103, TO_DATE('17-04-2022' , 'DD-MM-YYYY') ,0000007255)
/
INSERT INTO Mesure VALUES (17042022072550000010310301, 'Temperature', 21.4 ,170420220725500000103)
/
INSERT INTO Mesure VALUES (17042022072550000010310302, 'Pluviometrie',  0.0 ,170420220725500000103)
/
INSERT INTO Mesure VALUES (17042022072550000010310303, 'Vent', 9.36 ,170420220725500000103)
/
INSERT INTO Releve VALUES (170420228141500000104, TO_DATE('17-04-2022' , 'DD-MM-YYYY') ,0000081415)
/
INSERT INTO Mesure VALUES (17042022814150000010410401, 'Temperature', 30.0 ,170420228141500000104)
/
INSERT INTO Mesure VALUES (17042022814150000010410403, 'Vent', 8.64 ,170420228141500000104)
/
INSERT INTO Mesure VALUES (17042022814150000010410404, 'Ensoleillement', 2056 ,170420228141500000104)
/
INSERT INTO Releve VALUES (170420220759100000105, TO_DATE('17-04-2022' , 'DD-MM-YYYY') ,0000007591)
/
INSERT INTO Mesure VALUES (17042022075910000010510501, 'Temperature', 16.4 ,170420220759100000105)
/
INSERT INTO Mesure VALUES (17042022075910000010510502, 'Pluviometrie',  0.0 ,170420220759100000105)
/
INSERT INTO Mesure VALUES (17042022075910000010510503, 'Vent', 19.08 ,170420220759100000105)
/
INSERT INTO Mesure VALUES (17042022075910000010510504, 'Ensoleillement', 2134 ,170420220759100000105)
/
INSERT INTO Releve VALUES (170420226198000000106, TO_DATE('17-04-2022' , 'DD-MM-YYYY') ,0000061980)
/
INSERT INTO Mesure VALUES (17042022619800000010610601, 'Temperature', 24.2 ,170420226198000000106)
/
INSERT INTO Mesure VALUES (17042022619800000010610602, 'Pluviometrie',  0.0 ,170420226198000000106)
/
INSERT INTO Mesure VALUES (17042022619800000010610603, 'Vent', 21.96 ,170420226198000000106)
/
INSERT INTO Mesure VALUES (17042022619800000010610604, 'Ensoleillement', 1663 ,170420226198000000106)
/
INSERT INTO Lieu VALUES (0000097311, 'SAINT LAURENT' ,0000000973)
/
INSERT INTO Station VALUES (0000081401,0000097311, '0425416378',5.4855,-54.031667)
/
INSERT INTO Releve VALUES (170420228140100000107, TO_DATE('17-04-2022' , 'DD-MM-YYYY') ,0000081401)
/
INSERT INTO Mesure VALUES (17042022814010000010710701, 'Temperature', 24.7 ,170420228140100000107)
/
INSERT INTO Mesure VALUES (17042022814010000010710702, 'Pluviometrie',  0.0 ,170420228140100000107)
/
INSERT INTO Mesure VALUES (17042022814010000010710703, 'Vent', 4.32 ,170420228140100000107)
/
INSERT INTO Mesure VALUES (17042022814010000010710704, 'Ensoleillement', 1952 ,170420228140100000107)
/
INSERT INTO Releve VALUES (170420228141500000108, TO_DATE('17-04-2022' , 'DD-MM-YYYY') ,0000081415)
/
INSERT INTO Mesure VALUES (17042022814150000010810801, 'Temperature', 25.5 ,170420228141500000108)
/
INSERT INTO Mesure VALUES (17042022814150000010810803, 'Vent', 2.88 ,170420228141500000108)
/
INSERT INTO Mesure VALUES (17042022814150000010810804, 'Ensoleillement', 2172 ,170420228141500000108)
/
INSERT INTO Releve VALUES (170420220716800000109, TO_DATE('17-04-2022' , 'DD-MM-YYYY') ,0000007168)
/
INSERT INTO Mesure VALUES (17042022071680000010910901, 'Temperature', 4.7 ,170420220716800000109)
/
INSERT INTO Mesure VALUES (17042022071680000010910902, 'Pluviometrie',  0.0 ,170420220716800000109)
/
INSERT INTO Mesure VALUES (17042022071680000010910903, 'Vent', 3.96 ,170420220716800000109)
/
INSERT INTO Mesure VALUES (17042022071680000010910904, 'Ensoleillement', 1501 ,170420220716800000109)
/
INSERT INTO Releve VALUES (170420220711000000110, TO_DATE('17-04-2022' , 'DD-MM-YYYY') ,0000007110)
/
INSERT INTO Mesure VALUES (17042022071100000011011001, 'Temperature', 10.4 ,170420220711000000110)
/
INSERT INTO Mesure VALUES (17042022071100000011011002, 'Pluviometrie',  0.0 ,170420220711000000110)
/
INSERT INTO Mesure VALUES (17042022071100000011011003, 'Vent', 14.04 ,170420220711000000110)
/
INSERT INTO Releve VALUES (170420220731400000111, TO_DATE('17-04-2022' , 'DD-MM-YYYY') ,0000007314)
/
INSERT INTO Mesure VALUES (17042022073140000011111101, 'Temperature', 11.8 ,170420220731400000111)
/
INSERT INTO Mesure VALUES (17042022073140000011111102, 'Pluviometrie',  0.0 ,170420220731400000111)
/
INSERT INTO Mesure VALUES (17042022073140000011111103, 'Vent', 14.04 ,170420220731400000111)
/
INSERT INTO Releve VALUES (170420220760700000112, TO_DATE('17-04-2022' , 'DD-MM-YYYY') ,0000007607)
/
INSERT INTO Mesure VALUES (17042022076070000011211201, 'Temperature', 11.0 ,170420220760700000112)
/
INSERT INTO Mesure VALUES (17042022076070000011211202, 'Pluviometrie',  0.0 ,170420220760700000112)
/
INSERT INTO Mesure VALUES (17042022076070000011211203, 'Vent', 8.28 ,170420220760700000112)
/
INSERT INTO Mesure VALUES (17042022076070000011211204, 'Ensoleillement', 2123 ,170420220760700000112)
/
INSERT INTO Releve VALUES (170420220764300000113, TO_DATE('17-04-2022' , 'DD-MM-YYYY') ,0000007643)
/
INSERT INTO Mesure VALUES (17042022076430000011311301, 'Temperature', 13.0 ,170420220764300000113)
/
INSERT INTO Mesure VALUES (17042022076430000011311302, 'Pluviometrie',  0.0 ,170420220764300000113)
/
INSERT INTO Mesure VALUES (17042022076430000011311303, 'Vent', 6.48 ,170420220764300000113)
/
INSERT INTO Releve VALUES (170420220711000000114, TO_DATE('17-04-2022' , 'DD-MM-YYYY') ,0000007110)
/
INSERT INTO Mesure VALUES (17042022071100000011411401, 'Temperature', 15.5 ,170420220711000000114)
/
INSERT INTO Mesure VALUES (17042022071100000011411402, 'Pluviometrie',  0.0 ,170420220711000000114)
/
INSERT INTO Mesure VALUES (17042022071100000011411403, 'Vent', 18.36 ,170420220711000000114)
/
INSERT INTO Mesure VALUES (17042022071100000011411404, 'Ensoleillement', 1961 ,170420220711000000114)
/
INSERT INTO Releve VALUES (170420220760700000115, TO_DATE('17-04-2022' , 'DD-MM-YYYY') ,0000007607)
/
INSERT INTO Mesure VALUES (17042022076070000011511501, 'Temperature', 18.4 ,170420220760700000115)
/
INSERT INTO Mesure VALUES (17042022076070000011511502, 'Pluviometrie',  0.0 ,170420220760700000115)
/
INSERT INTO Mesure VALUES (17042022076070000011511503, 'Vent', 9.36 ,170420220760700000115)
/
INSERT INTO Releve VALUES (170420220764300000116, TO_DATE('17-04-2022' , 'DD-MM-YYYY') ,0000007643)
/
INSERT INTO Mesure VALUES (17042022076430000011611601, 'Temperature', 19.2 ,170420220764300000116)
/
INSERT INTO Mesure VALUES (17042022076430000011611602, 'Pluviometrie',  0.0 ,170420220764300000116)
/
INSERT INTO Mesure VALUES (17042022076430000011611603, 'Vent', 20.52 ,170420220764300000116)
/
INSERT INTO Lieu VALUES (0000022222, 'CORSE-DU-SUD' ,0000099994)
/
INSERT INTO Lieu VALUES (0022222004, 'AJACCIO' ,0000022222)
/
INSERT INTO Station VALUES (0000007761,0022222004, '0425416378',41.918,8.792667)
/
INSERT INTO Releve VALUES (170420220776100000117, TO_DATE('17-04-2022' , 'DD-MM-YYYY') ,0000007761)
/
INSERT INTO Mesure VALUES (17042022077610000011711701, 'Temperature', 19.6 ,170420220776100000117)
/
INSERT INTO Mesure VALUES (17042022077610000011711702, 'Pluviometrie',  0.0 ,170420220776100000117)
/
INSERT INTO Mesure VALUES (17042022077610000011711703, 'Vent', 21.6 ,170420220776100000117)
/
INSERT INTO Releve VALUES (170420220702000000118, TO_DATE('17-04-2022' , 'DD-MM-YYYY') ,0000007020)
/
INSERT INTO Mesure VALUES (17042022070200000011811801, 'Temperature', 14.4 ,170420220702000000118)
/
INSERT INTO Mesure VALUES (17042022070200000011811802, 'Pluviometrie',  0.0 ,170420220702000000118)
/
INSERT INTO Mesure VALUES (17042022070200000011811803, 'Vent', 8.64 ,170420220702000000118)
/
INSERT INTO Mesure VALUES (17042022070200000011811804, 'Ensoleillement', 1965 ,170420220702000000118)
/
INSERT INTO Releve VALUES (170420220743400000119, TO_DATE('17-04-2022' , 'DD-MM-YYYY') ,0000007434)
/
INSERT INTO Mesure VALUES (17042022074340000011911901, 'Temperature', 21.6 ,170420220743400000119)
/
INSERT INTO Mesure VALUES (17042022074340000011911902, 'Pluviometrie',  0.0 ,170420220743400000119)
/
INSERT INTO Mesure VALUES (17042022074340000011911903, 'Vent', 14.4 ,170420220743400000119)
/
INSERT INTO Releve VALUES (170420220774700000120, TO_DATE('17-04-2022' , 'DD-MM-YYYY') ,0000007747)
/
INSERT INTO Mesure VALUES (17042022077470000012012001, 'Temperature', 19.8 ,170420220774700000120)
/
INSERT INTO Mesure VALUES (17042022077470000012012002, 'Pluviometrie',  0.0 ,170420220774700000120)
/
INSERT INTO Mesure VALUES (17042022077470000012012003, 'Vent', 13.68 ,170420220774700000120)
/
INSERT INTO Releve VALUES (170420220760700000121, TO_DATE('17-04-2022' , 'DD-MM-YYYY') ,0000007607)
/
INSERT INTO Mesure VALUES (17042022076070000012112101, 'Temperature', 17.7 ,170420220760700000121)
/
INSERT INTO Mesure VALUES (17042022076070000012112102, 'Pluviometrie',  0.0 ,170420220760700000121)
/
INSERT INTO Mesure VALUES (17042022076070000012112103, 'Vent', 20.16 ,170420220760700000121)
/
INSERT INTO Mesure VALUES (17042022076070000012112104, 'Ensoleillement', 2031 ,170420220760700000121)
/
INSERT INTO Releve VALUES (170420228140500000122, TO_DATE('17-04-2022' , 'DD-MM-YYYY') ,0000081405)
/
INSERT INTO Mesure VALUES (17042022814050000012212201, 'Temperature', 26.2 ,170420228140500000122)
/
INSERT INTO Mesure VALUES (17042022814050000012212202, 'Pluviometrie',  0.0 ,170420228140500000122)
/
INSERT INTO Mesure VALUES (17042022814050000012212203, 'Vent', 7.56 ,170420228140500000122)
/
INSERT INTO Releve VALUES (170420220722200000123, TO_DATE('17-04-2022' , 'DD-MM-YYYY') ,0000007222)
/
INSERT INTO Mesure VALUES (17042022072220000012312301, 'Temperature', 11.1 ,170420220722200000123)
/
INSERT INTO Mesure VALUES (17042022072220000012312302, 'Pluviometrie',  0.0 ,170420220722200000123)
/
INSERT INTO Mesure VALUES (17042022072220000012312303, 'Vent', 9.0 ,170420220722200000123)
/
INSERT INTO Mesure VALUES (17042022072220000012312304, 'Ensoleillement', 2156 ,170420220722200000123)
/
INSERT INTO Releve VALUES (170420220733500000124, TO_DATE('17-04-2022' , 'DD-MM-YYYY') ,0000007335)
/
INSERT INTO Mesure VALUES (17042022073350000012412401, 'Temperature', 6.2 ,170420220733500000124)
/
INSERT INTO Mesure VALUES (17042022073350000012412402, 'Pluviometrie',  0.0 ,170420220733500000124)
/
INSERT INTO Mesure VALUES (17042022073350000012412403, 'Vent', 7.2 ,170420220733500000124)
/
INSERT INTO Mesure VALUES (17042022073350000012412404, 'Ensoleillement', 2217 ,170420220733500000124)
/
INSERT INTO Releve VALUES (170420220702000000125, TO_DATE('17-04-2022' , 'DD-MM-YYYY') ,0000007020)
/
INSERT INTO Mesure VALUES (17042022070200000012512501, 'Temperature', 10.0 ,170420220702000000125)
/
INSERT INTO Mesure VALUES (17042022070200000012512502, 'Pluviometrie',  0.0 ,170420220702000000125)
/
INSERT INTO Mesure VALUES (17042022070200000012512503, 'Vent', 7.56 ,170420220702000000125)
/
INSERT INTO Releve VALUES (170420220702000000126, TO_DATE('17-04-2022' , 'DD-MM-YYYY') ,0000007020)
/
INSERT INTO Mesure VALUES (17042022070200000012612601, 'Temperature', 13.6 ,170420220702000000126)
/
INSERT INTO Mesure VALUES (17042022070200000012612602, 'Pluviometrie',  0.0 ,170420220702000000126)
/
INSERT INTO Mesure VALUES (17042022070200000012612603, 'Vent', 10.08 ,170420220702000000126)
/
INSERT INTO Releve VALUES (170420220707200000127, TO_DATE('17-04-2022' , 'DD-MM-YYYY') ,0000007072)
/
INSERT INTO Mesure VALUES (17042022070720000012712701, 'Temperature', 13.2 ,170420220707200000127)
/
INSERT INTO Mesure VALUES (17042022070720000012712702, 'Pluviometrie',  0.0 ,170420220707200000127)
/
INSERT INTO Mesure VALUES (17042022070720000012712703, 'Vent', 21.24 ,170420220707200000127)
/
INSERT INTO Releve VALUES (170420220753500000128, TO_DATE('17-04-2022' , 'DD-MM-YYYY') ,0000007535)
/
INSERT INTO Mesure VALUES (17042022075350000012812801, 'Temperature', 15.5 ,170420220753500000128)
/
INSERT INTO Mesure VALUES (17042022075350000012812802, 'Pluviometrie',  0.0 ,170420220753500000128)
/
INSERT INTO Mesure VALUES (17042022075350000012812803, 'Vent', 5.04 ,170420220753500000128)
/
INSERT INTO Releve VALUES (170420226199800000129, TO_DATE('17-04-2022' , 'DD-MM-YYYY') ,0000061998)
/
INSERT INTO Mesure VALUES (17042022619980000012912901, 'Temperature', 6.8 ,170420226199800000129)
/
INSERT INTO Mesure VALUES (17042022619980000012912903, 'Vent', 25.92 ,170420226199800000129)
/
INSERT INTO Mesure VALUES (17042022619980000012912904, 'Ensoleillement', 1982 ,170420226199800000129)
/
INSERT INTO Releve VALUES (170420220751000000130, TO_DATE('17-04-2022' , 'DD-MM-YYYY') ,0000007510)
/
INSERT INTO Mesure VALUES (17042022075100000013013001, 'Temperature', 22.2 ,170420220751000000130)
/
INSERT INTO Mesure VALUES (17042022075100000013013002, 'Pluviometrie',  0.0 ,170420220751000000130)
/
INSERT INTO Mesure VALUES (17042022075100000013013003, 'Vent', 19.08 ,170420220751000000130)
/
INSERT INTO Releve VALUES (170420220762700000131, TO_DATE('17-04-2022' , 'DD-MM-YYYY') ,0000007627)
/
INSERT INTO Mesure VALUES (17042022076270000013113101, 'Temperature', 21.2 ,170420220762700000131)
/
INSERT INTO Mesure VALUES (17042022076270000013113102, 'Pluviometrie',  0.0 ,170420220762700000131)
/
INSERT INTO Mesure VALUES (17042022076270000013113103, 'Vent', 15.12 ,170420220762700000131)
/
INSERT INTO Releve VALUES (170420220765000000132, TO_DATE('17-04-2022' , 'DD-MM-YYYY') ,0000007650)
/
INSERT INTO Mesure VALUES (17042022076500000013213201, 'Temperature', 21.0 ,170420220765000000132)
/
INSERT INTO Mesure VALUES (17042022076500000013213202, 'Pluviometrie',  0.0 ,170420220765000000132)
/
INSERT INTO Mesure VALUES (17042022076500000013213203, 'Vent', 17.28 ,170420220765000000132)
/
INSERT INTO Releve VALUES (170420227180500000133, TO_DATE('17-04-2022' , 'DD-MM-YYYY') ,0000071805)
/
INSERT INTO Mesure VALUES (17042022718050000013313301, 'Temperature', 4.3 ,170420227180500000133)
/
INSERT INTO Mesure VALUES (17042022718050000013313302, 'Pluviometrie',  0.8 ,170420227180500000133)
/
INSERT INTO Mesure VALUES (17042022718050000013313303, 'Vent', 22.68 ,170420227180500000133)
/
INSERT INTO Releve VALUES (170420228140800000134, TO_DATE('17-04-2022' , 'DD-MM-YYYY') ,0000081408)
/
INSERT INTO Mesure VALUES (17042022814080000013413401, 'Temperature', 30.2 ,170420228140800000134)
/
INSERT INTO Mesure VALUES (17042022814080000013413402, 'Pluviometrie',  0.0 ,170420228140800000134)
/
INSERT INTO Mesure VALUES (17042022814080000013413403, 'Vent', 10.8 ,170420228140800000134)
/
INSERT INTO Lieu VALUES (0000000054, 'MEURTHE-ET-MOSELLE' ,0000099944)
/
INSERT INTO Lieu VALUES (0000054523, 'NANCY-OCHEY' ,0000000054)
/
INSERT INTO Station VALUES (0000007181,0000054523, '0425416378',48.581,5.959833)
/
INSERT INTO Releve VALUES (170420220718100000135, TO_DATE('17-04-2022' , 'DD-MM-YYYY') ,0000007181)
/
INSERT INTO Mesure VALUES (17042022071810000013513501, 'Temperature', 14.4 ,170420220718100000135)
/
INSERT INTO Mesure VALUES (17042022071810000013513502, 'Pluviometrie',  0.0 ,170420220718100000135)
/
INSERT INTO Mesure VALUES (17042022071810000013513503, 'Vent', 21.24 ,170420220718100000135)
/
INSERT INTO Releve VALUES (170420220743400000136, TO_DATE('17-04-2022' , 'DD-MM-YYYY') ,0000007434)
/
INSERT INTO Mesure VALUES (17042022074340000013613601, 'Temperature', 18.3 ,170420220743400000136)
/
INSERT INTO Mesure VALUES (17042022074340000013613602, 'Pluviometrie',  0.0 ,170420220743400000136)
/
INSERT INTO Mesure VALUES (17042022074340000013613603, 'Vent', 15.84 ,170420220743400000136)
/
INSERT INTO Releve VALUES (170420227889400000137, TO_DATE('17-04-2022' , 'DD-MM-YYYY') ,0000078894)
/
INSERT INTO Mesure VALUES (17042022788940000013713701, 'Temperature', 29.6 ,170420227889400000137)
/
INSERT INTO Mesure VALUES (17042022788940000013713702, 'Pluviometrie',  0.0 ,170420227889400000137)
/
INSERT INTO Mesure VALUES (17042022788940000013713703, 'Vent', 14.76 ,170420227889400000137)
/
INSERT INTO Releve VALUES (170420220711000000138, TO_DATE('17-04-2022' , 'DD-MM-YYYY') ,0000007110)
/
INSERT INTO Mesure VALUES (17042022071100000013813801, 'Temperature', 10.0 ,170420220711000000138)
/
INSERT INTO Mesure VALUES (17042022071100000013813802, 'Pluviometrie',  0.0 ,170420220711000000138)
/
INSERT INTO Mesure VALUES (17042022071100000013813803, 'Vent', 7.2 ,170420220711000000138)
/
INSERT INTO Mesure VALUES (17042022071100000013813804, 'Ensoleillement', 1726 ,170420220711000000138)
/
INSERT INTO Releve VALUES (170420220766100000139, TO_DATE('17-04-2022' , 'DD-MM-YYYY') ,0000007661)
/
INSERT INTO Mesure VALUES (17042022076610000013913903, 'Vent', 38.16 ,170420220766100000139)
/
INSERT INTO Mesure VALUES (17042022076610000013913904, 'Ensoleillement', 1766 ,170420220766100000139)
/
INSERT INTO Releve VALUES (170420226199800000140, TO_DATE('17-04-2022' , 'DD-MM-YYYY') ,0000061998)
/
INSERT INTO Mesure VALUES (17042022619980000014014001, 'Temperature', 7.0 ,170420226199800000140)
/
INSERT INTO Mesure VALUES (17042022619980000014014002, 'Pluviometrie',  0.0 ,170420226199800000140)
/
INSERT INTO Mesure VALUES (17042022619980000014014003, 'Vent', 37.08 ,170420226199800000140)
/
INSERT INTO Releve VALUES (170420228140100000141, TO_DATE('17-04-2022' , 'DD-MM-YYYY') ,0000081401)
/
INSERT INTO Mesure VALUES (17042022814010000014114101, 'Temperature', 23.0 ,170420228140100000141)
/
INSERT INTO Mesure VALUES (17042022814010000014114102, 'Pluviometrie',  0.0 ,170420228140100000141)
/
INSERT INTO Mesure VALUES (17042022814010000014114103, 'Vent', 0.0 ,170420228140100000141)
/
INSERT INTO Releve VALUES (170420220731400000142, TO_DATE('17-04-2022' , 'DD-MM-YYYY') ,0000007314)
/
INSERT INTO Mesure VALUES (17042022073140000014214201, 'Temperature', 13.6 ,170420220731400000142)
/
INSERT INTO Mesure VALUES (17042022073140000014214202, 'Pluviometrie',  0.0 ,170420220731400000142)
/
INSERT INTO Mesure VALUES (17042022073140000014214203, 'Vent', 10.8 ,170420220731400000142)
/
INSERT INTO Releve VALUES (170420220720700000143, TO_DATE('17-04-2022' , 'DD-MM-YYYY') ,0000007207)
/
INSERT INTO Mesure VALUES (17042022072070000014314301, 'Temperature', 14.8 ,170420220720700000143)
/
INSERT INTO Mesure VALUES (17042022072070000014314302, 'Pluviometrie',  0.0 ,170420220720700000143)
/
INSERT INTO Mesure VALUES (17042022072070000014314303, 'Vent', 7.56 ,170420220720700000143)
/
INSERT INTO Mesure VALUES (17042022072070000014314304, 'Ensoleillement', 1771 ,170420220720700000143)
/
INSERT INTO Lieu VALUES (0000000043, 'HAUTE-LOIRE' ,0000099984)
/
INSERT INTO Lieu VALUES (0000043062, 'LE PUY-LOUDES' ,0000000043)
/
INSERT INTO Station VALUES (0000007471,0000043062, '0425416378',45.0745,3.764)
/
INSERT INTO Releve VALUES (170420220747100000144, TO_DATE('17-04-2022' , 'DD-MM-YYYY') ,0000007471)
/
INSERT INTO Mesure VALUES (17042022074710000014414401, 'Temperature', 18.3 ,170420220747100000144)
/
INSERT INTO Mesure VALUES (17042022074710000014414402, 'Pluviometrie',  0.0 ,170420220747100000144)
/
INSERT INTO Mesure VALUES (17042022074710000014414403, 'Vent', 13.68 ,170420220747100000144)
/
INSERT INTO Mesure VALUES (17042022074710000014414404, 'Ensoleillement', 1498 ,170420220747100000144)
/
INSERT INTO Releve VALUES (170420220766100000145, TO_DATE('17-04-2022' , 'DD-MM-YYYY') ,0000007661)
/
INSERT INTO Mesure VALUES (17042022076610000014514503, 'Vent', 18.72 ,170420220766100000145)
/
INSERT INTO Mesure VALUES (17042022076610000014514504, 'Ensoleillement', 1722 ,170420220766100000145)
/
INSERT INTO Releve VALUES (170420228140100000146, TO_DATE('17-04-2022' , 'DD-MM-YYYY') ,0000081401)
/
INSERT INTO Mesure VALUES (17042022814010000014614601, 'Temperature', 31.6 ,170420228140100000146)
/
INSERT INTO Mesure VALUES (17042022814010000014614602, 'Pluviometrie',  0.0 ,170420228140100000146)
/
INSERT INTO Mesure VALUES (17042022814010000014614603, 'Vent', 9.72 ,170420228140100000146)
/
INSERT INTO Releve VALUES (170420226197200000147, TO_DATE('17-04-2022' , 'DD-MM-YYYY') ,0000061972)
/
INSERT INTO Mesure VALUES (17042022619720000014714701, 'Temperature', 26.7 ,170420226197200000147)
/
INSERT INTO Mesure VALUES (17042022619720000014714702, 'Pluviometrie',  0.0 ,170420226197200000147)
/
INSERT INTO Mesure VALUES (17042022619720000014714703, 'Vent', 30.24 ,170420226197200000147)
/
INSERT INTO Releve VALUES (170420220757700000148, TO_DATE('17-04-2022' , 'DD-MM-YYYY') ,0000007577)
/
INSERT INTO Mesure VALUES (17042022075770000014814801, 'Temperature', 11.8 ,170420220757700000148)
/
INSERT INTO Mesure VALUES (17042022075770000014814802, 'Pluviometrie',  0.0 ,170420220757700000148)
/
INSERT INTO Mesure VALUES (17042022075770000014814803, 'Vent', 18.0 ,170420220757700000148)
/
INSERT INTO Releve VALUES (170420228141500000149, TO_DATE('17-04-2022' , 'DD-MM-YYYY') ,0000081415)
/
INSERT INTO Mesure VALUES (17042022814150000014914901, 'Temperature', 24.8 ,170420228141500000149)
/
INSERT INTO Mesure VALUES (17042022814150000014914903, 'Vent', 6.48 ,170420228141500000149)
/
INSERT INTO Releve VALUES (170420220733500000150, TO_DATE('17-04-2022' , 'DD-MM-YYYY') ,0000007335)
/
INSERT INTO Mesure VALUES (17042022073350000015015001, 'Temperature', 6.4 ,170420220733500000150)
/
INSERT INTO Mesure VALUES (17042022073350000015015002, 'Pluviometrie',  0.0 ,170420220733500000150)
/
INSERT INTO Mesure VALUES (17042022073350000015015003, 'Vent', 8.28 ,170420220733500000150)
/
INSERT INTO Mesure VALUES (17042022073350000015015004, 'Ensoleillement', 2449 ,170420220733500000150)
/
INSERT INTO Releve VALUES (170420220702700000151, TO_DATE('17-04-2022' , 'DD-MM-YYYY') ,0000007027)
/
INSERT INTO Mesure VALUES (17042022070270000015115101, 'Temperature', 12.7 ,170420220702700000151)
/
INSERT INTO Mesure VALUES (17042022070270000015115102, 'Pluviometrie',  0.0 ,170420220702700000151)
/
INSERT INTO Mesure VALUES (17042022070270000015115103, 'Vent', 18.72 ,170420220702700000151)
/
INSERT INTO Mesure VALUES (17042022070270000015115104, 'Ensoleillement', 2183 ,170420220702700000151)
/
INSERT INTO Releve VALUES (170420220720700000152, TO_DATE('17-04-2022' , 'DD-MM-YYYY') ,0000007207)
/
INSERT INTO Mesure VALUES (17042022072070000015215201, 'Temperature', 14.3 ,170420220720700000152)
/
INSERT INTO Mesure VALUES (17042022072070000015215202, 'Pluviometrie',  0.0 ,170420220720700000152)
/
INSERT INTO Mesure VALUES (17042022072070000015215203, 'Vent', 11.88 ,170420220720700000152)
/
INSERT INTO Releve VALUES (170420220774700000153, TO_DATE('17-04-2022' , 'DD-MM-YYYY') ,0000007747)
/
INSERT INTO Mesure VALUES (17042022077470000015315301, 'Temperature', 19.9 ,170420220774700000153)
/
INSERT INTO Mesure VALUES (17042022077470000015315302, 'Pluviometrie',  0.0 ,170420220774700000153)
/
INSERT INTO Mesure VALUES (17042022077470000015315303, 'Vent', 20.52 ,170420220774700000153)
/
INSERT INTO Mesure VALUES (17042022077470000015315304, 'Ensoleillement', 1413 ,170420220774700000153)
/
INSERT INTO Lieu VALUES (0000097230, 'TRINITE-CARAVEL' ,0000000972)
/
INSERT INTO Station VALUES (0000078922,0000097230, '0425416378',14.7745,-60.875333)
/
INSERT INTO Releve VALUES (170420227892200000154, TO_DATE('17-04-2022' , 'DD-MM-YYYY') ,0000078922)
/
INSERT INTO Mesure VALUES (17042022789220000015415401, 'Temperature', 25.8 ,170420227892200000154)
/
INSERT INTO Mesure VALUES (17042022789220000015415402, 'Pluviometrie',  0.0 ,170420227892200000154)
/
INSERT INTO Mesure VALUES (17042022789220000015415403, 'Vent', 36.0 ,170420227892200000154)
/
INSERT INTO Releve VALUES (170420228140100000155, TO_DATE('17-04-2022' , 'DD-MM-YYYY') ,0000081401)
/
INSERT INTO Mesure VALUES (17042022814010000015515501, 'Temperature', 23.1 ,170420228140100000155)
/
INSERT INTO Mesure VALUES (17042022814010000015515502, 'Pluviometrie',  0.0 ,170420228140100000155)
/
INSERT INTO Mesure VALUES (17042022814010000015515503, 'Vent', 3.24 ,170420228140100000155)
/
INSERT INTO Mesure VALUES (17042022814010000015515504, 'Ensoleillement', 2110 ,170420228140100000155)
/
INSERT INTO Releve VALUES (170420228141500000156, TO_DATE('17-04-2022' , 'DD-MM-YYYY') ,0000081415)
/
INSERT INTO Mesure VALUES (17042022814150000015615601, 'Temperature', 23.1 ,170420228141500000156)
/
INSERT INTO Mesure VALUES (17042022814150000015615603, 'Vent', 3.6 ,170420228141500000156)
/
INSERT INTO Lieu VALUES (0000099927, 'BOURGOGNE-FRANCHE-COMTE' ,1000000000)
/
INSERT INTO Lieu VALUES (0000000021, 'COTE-D-OR' ,0000099927)
/
INSERT INTO Lieu VALUES (0000021473, 'DIJON-LONGVIC' ,0000000021)
/
INSERT INTO Station VALUES (0000007280,0000021473, '0425416378',47.267833,5.088333)
/
INSERT INTO Releve VALUES (170420220728000000157, TO_DATE('17-04-2022' , 'DD-MM-YYYY') ,0000007280)
/
INSERT INTO Mesure VALUES (17042022072800000015715701, 'Temperature', 17.2 ,170420220728000000157)
/
INSERT INTO Mesure VALUES (17042022072800000015715702, 'Pluviometrie',  0.0 ,170420220728000000157)
/
INSERT INTO Mesure VALUES (17042022072800000015715703, 'Vent', 20.88 ,170420220728000000157)
/
INSERT INTO Mesure VALUES (17042022072800000015715704, 'Ensoleillement', 2146 ,170420220728000000157)
/
INSERT INTO Releve VALUES (170420226197600000158, TO_DATE('17-04-2022' , 'DD-MM-YYYY') ,0000061976)
/
INSERT INTO Mesure VALUES (17042022619760000015815801, 'Temperature', 29.9 ,170420226197600000158)
/
INSERT INTO Mesure VALUES (17042022619760000015815802, 'Pluviometrie',  0.0 ,170420226197600000158)
/
INSERT INTO Mesure VALUES (17042022619760000015815804, 'Ensoleillement', 1713 ,170420226197600000158)
/
INSERT INTO Releve VALUES (170420220746000000159, TO_DATE('17-04-2022' , 'DD-MM-YYYY') ,0000007460)
/
INSERT INTO Mesure VALUES (17042022074600000015915901, 'Temperature', 19.1 ,170420220746000000159)
/
INSERT INTO Mesure VALUES (17042022074600000015915902, 'Pluviometrie',  0.0 ,170420220746000000159)
/
INSERT INTO Mesure VALUES (17042022074600000015915903, 'Vent', 17.28 ,170420220746000000159)
/
INSERT INTO Releve VALUES (170420220755800000160, TO_DATE('17-04-2022' , 'DD-MM-YYYY') ,0000007558)
/
INSERT INTO Mesure VALUES (17042022075580000016016001, 'Temperature', 21.8 ,170420220755800000160)
/
INSERT INTO Mesure VALUES (17042022075580000016016002, 'Pluviometrie',  0.0 ,170420220755800000160)
/
INSERT INTO Mesure VALUES (17042022075580000016016003, 'Vent', 19.44 ,170420220755800000160)
/
INSERT INTO Mesure VALUES (17042022075580000016016004, 'Ensoleillement', 1834 ,170420220755800000160)
/
INSERT INTO Releve VALUES (170420220760700000161, TO_DATE('17-04-2022' , 'DD-MM-YYYY') ,0000007607)
/
INSERT INTO Mesure VALUES (17042022076070000016116101, 'Temperature', 23.3 ,170420220760700000161)
/
INSERT INTO Mesure VALUES (17042022076070000016116102, 'Pluviometrie',  0.0 ,170420220760700000161)
/
INSERT INTO Mesure VALUES (17042022076070000016116103, 'Vent', 18.72 ,170420220760700000161)
/
INSERT INTO Mesure VALUES (17042022076070000016116104, 'Ensoleillement', 1920 ,170420220760700000161)
/
INSERT INTO Releve VALUES (170420220702700000162, TO_DATE('17-04-2022' , 'DD-MM-YYYY') ,0000007027)
/
INSERT INTO Mesure VALUES (17042022070270000016216201, 'Temperature', 14.8 ,170420220702700000162)
/
INSERT INTO Mesure VALUES (17042022070270000016216202, 'Pluviometrie',  0.0 ,170420220702700000162)
/
INSERT INTO Mesure VALUES (17042022070270000016216203, 'Vent', 14.76 ,170420220702700000162)
/
INSERT INTO Mesure VALUES (17042022070270000016216204, 'Ensoleillement', 2233 ,170420220702700000162)
/
INSERT INTO Releve VALUES (170420220733500000163, TO_DATE('17-04-2022' , 'DD-MM-YYYY') ,0000007335)
/
INSERT INTO Mesure VALUES (17042022073350000016316301, 'Temperature', 17.7 ,170420220733500000163)
/
INSERT INTO Mesure VALUES (17042022073350000016316302, 'Pluviometrie',  0.0 ,170420220733500000163)
/
INSERT INTO Mesure VALUES (17042022073350000016316303, 'Vent', 8.64 ,170420220733500000163)
/
INSERT INTO Releve VALUES (170420227889000000164, TO_DATE('17-04-2022' , 'DD-MM-YYYY') ,0000078890)
/
INSERT INTO Mesure VALUES (17042022788900000016416401, 'Temperature', 28.2 ,170420227889000000164)
/
INSERT INTO Mesure VALUES (17042022788900000016416402, 'Pluviometrie',  0.0 ,170420227889000000164)
/
INSERT INTO Mesure VALUES (17042022788900000016416403, 'Vent', 28.44 ,170420227889000000164)
/
INSERT INTO Mesure VALUES (17042022788900000016416404, 'Ensoleillement', 2115 ,170420227889000000164)
/
INSERT INTO Releve VALUES (170420220702000000165, TO_DATE('17-04-2022' , 'DD-MM-YYYY') ,0000007020)
/
INSERT INTO Mesure VALUES (17042022070200000016516501, 'Temperature', 8.7 ,170420220702000000165)
/
INSERT INTO Mesure VALUES (17042022070200000016516502, 'Pluviometrie',  0.0 ,170420220702000000165)
/
INSERT INTO Mesure VALUES (17042022070200000016516503, 'Vent', 15.12 ,170420220702000000165)
/
INSERT INTO Releve VALUES (170420220747100000166, TO_DATE('17-04-2022' , 'DD-MM-YYYY') ,0000007471)
/
INSERT INTO Mesure VALUES (17042022074710000016616601, 'Temperature', 5.5 ,170420220747100000166)
/
INSERT INTO Mesure VALUES (17042022074710000016616602, 'Pluviometrie',  0.0 ,170420220747100000166)
/
INSERT INTO Mesure VALUES (17042022074710000016616603, 'Vent', 6.48 ,170420220747100000166)
/
INSERT INTO Mesure VALUES (17042022074710000016616604, 'Ensoleillement', 2379 ,170420220747100000166)
/
INSERT INTO Releve VALUES (170420220718100000167, TO_DATE('17-04-2022' , 'DD-MM-YYYY') ,0000007181)
/
INSERT INTO Mesure VALUES (17042022071810000016716701, 'Temperature', 5.2 ,170420220718100000167)
/
INSERT INTO Mesure VALUES (17042022071810000016716702, 'Pluviometrie',  0.0 ,170420220718100000167)
/
INSERT INTO Mesure VALUES (17042022071810000016716703, 'Vent', 17.64 ,170420220718100000167)
/
INSERT INTO Releve VALUES (170420220762700000168, TO_DATE('17-04-2022' , 'DD-MM-YYYY') ,0000007627)
/
INSERT INTO Mesure VALUES (17042022076270000016816801, 'Temperature', 6.4 ,170420220762700000168)
/
INSERT INTO Mesure VALUES (17042022076270000016816802, 'Pluviometrie',  0.0 ,170420220762700000168)
/
INSERT INTO Mesure VALUES (17042022076270000016816803, 'Vent', 5.4 ,170420220762700000168)
/
INSERT INTO Releve VALUES (170420220764300000169, TO_DATE('17-04-2022' , 'DD-MM-YYYY') ,0000007643)
/
INSERT INTO Mesure VALUES (17042022076430000016916901, 'Temperature', 13.2 ,170420220764300000169)
/
INSERT INTO Mesure VALUES (17042022076430000016916902, 'Pluviometrie',  0.0 ,170420220764300000169)
/
INSERT INTO Mesure VALUES (17042022076430000016916903, 'Vent', 12.96 ,170420220764300000169)
/
INSERT INTO Releve VALUES (170420220776100000170, TO_DATE('17-04-2022' , 'DD-MM-YYYY') ,0000007761)
/
INSERT INTO Mesure VALUES (17042022077610000017017001, 'Temperature', 15.0 ,170420220776100000170)
/
INSERT INTO Mesure VALUES (17042022077610000017017002, 'Pluviometrie',  0.0 ,170420220776100000170)
/
INSERT INTO Mesure VALUES (17042022077610000017017003, 'Vent', 12.6 ,170420220776100000170)
/
INSERT INTO Mesure VALUES (17042022077610000017017004, 'Ensoleillement', 2350 ,170420220776100000170)
/
INSERT INTO Releve VALUES (170420226700500000171, TO_DATE('17-04-2022' , 'DD-MM-YYYY') ,0000067005)
/
INSERT INTO Mesure VALUES (17042022670050000017117101, 'Temperature', 28.4 ,170420226700500000171)
/
INSERT INTO Mesure VALUES (17042022670050000017117102, 'Pluviometrie',  0.0 ,170420226700500000171)
/
INSERT INTO Mesure VALUES (17042022670050000017117103, 'Vent', 26.28 ,170420226700500000171)
/
INSERT INTO Releve VALUES (170420220743400000172, TO_DATE('17-04-2022' , 'DD-MM-YYYY') ,0000007434)
/
INSERT INTO Mesure VALUES (17042022074340000017217201, 'Temperature', 8.4 ,170420220743400000172)
/
INSERT INTO Mesure VALUES (17042022074340000017217202, 'Pluviometrie',  0.0 ,170420220743400000172)
/
INSERT INTO Mesure VALUES (17042022074340000017217203, 'Vent', 10.8 ,170420220743400000172)
/
INSERT INTO Releve VALUES (170420220747100000173, TO_DATE('17-04-2022' , 'DD-MM-YYYY') ,0000007471)
/
INSERT INTO Mesure VALUES (17042022074710000017317301, 'Temperature', 3.0 ,170420220747100000173)
/
INSERT INTO Mesure VALUES (17042022074710000017317302, 'Pluviometrie',  0.0 ,170420220747100000173)
/
INSERT INTO Mesure VALUES (17042022074710000017317303, 'Vent', 5.76 ,170420220747100000173)
/
INSERT INTO Releve VALUES (170420226198000000174, TO_DATE('17-04-2022' , 'DD-MM-YYYY') ,0000061980)
/
INSERT INTO Mesure VALUES (17042022619800000017417401, 'Temperature', 28.7 ,170420226198000000174)
/
INSERT INTO Mesure VALUES (17042022619800000017417402, 'Pluviometrie',  0.0 ,170420226198000000174)
/
INSERT INTO Mesure VALUES (17042022619800000017417403, 'Vent', 30.6 ,170420226198000000174)
/
INSERT INTO Mesure VALUES (17042022619800000017417404, 'Ensoleillement', 1427 ,170420226198000000174)
/
INSERT INTO Releve VALUES (170420220702700000175, TO_DATE('17-04-2022' , 'DD-MM-YYYY') ,0000007027)
/
INSERT INTO Mesure VALUES (17042022070270000017517501, 'Temperature', 19.5 ,170420220702700000175)
/
INSERT INTO Mesure VALUES (17042022070270000017517502, 'Pluviometrie',  0.0 ,170420220702700000175)
/
INSERT INTO Mesure VALUES (17042022070270000017517503, 'Vent', 11.52 ,170420220702700000175)
/
INSERT INTO Mesure VALUES (17042022070270000017517504, 'Ensoleillement', 2124 ,170420220702700000175)
/
INSERT INTO Releve VALUES (170420220719000000176, TO_DATE('17-04-2022' , 'DD-MM-YYYY') ,0000007190)
/
INSERT INTO Mesure VALUES (17042022071900000017617601, 'Temperature', 18.4 ,170420220719000000176)
/
INSERT INTO Mesure VALUES (17042022071900000017617602, 'Pluviometrie',  0.0 ,170420220719000000176)
/
INSERT INTO Mesure VALUES (17042022071900000017617603, 'Vent', 28.08 ,170420220719000000176)
/
INSERT INTO Releve VALUES (170420220731400000177, TO_DATE('17-04-2022' , 'DD-MM-YYYY') ,0000007314)
/
INSERT INTO Mesure VALUES (17042022073140000017717701, 'Temperature', 15.7 ,170420220731400000177)
/
INSERT INTO Mesure VALUES (17042022073140000017717702, 'Pluviometrie',  0.0 ,170420220731400000177)
/
INSERT INTO Mesure VALUES (17042022073140000017717703, 'Vent', 21.96 ,170420220731400000177)
/
INSERT INTO Mesure VALUES (17042022073140000017717704, 'Ensoleillement', 1566 ,170420220731400000177)
/
INSERT INTO Releve VALUES (170420220703700000178, TO_DATE('17-04-2022' , 'DD-MM-YYYY') ,0000007037)
/
INSERT INTO Mesure VALUES (17042022070370000017817801, 'Temperature', 17.1 ,170420220703700000178)
/
INSERT INTO Mesure VALUES (17042022070370000017817802, 'Pluviometrie',  0.0 ,170420220703700000178)
/
INSERT INTO Mesure VALUES (17042022070370000017817803, 'Vent', 7.2 ,170420220703700000178)
/
INSERT INTO Mesure VALUES (17042022070370000017817804, 'Ensoleillement', 2343 ,170420220703700000178)
/
INSERT INTO Releve VALUES (170420220719000000179, TO_DATE('17-04-2022' , 'DD-MM-YYYY') ,0000007190)
/
INSERT INTO Mesure VALUES (17042022071900000017917901, 'Temperature', 15.0 ,170420220719000000179)
/
INSERT INTO Mesure VALUES (17042022071900000017917902, 'Pluviometrie',  0.0 ,170420220719000000179)
/
INSERT INTO Mesure VALUES (17042022071900000017917903, 'Vent', 19.08 ,170420220719000000179)
/
INSERT INTO Releve VALUES (170420228140100000180, TO_DATE('17-04-2022' , 'DD-MM-YYYY') ,0000081401)
/
INSERT INTO Mesure VALUES (17042022814010000018018001, 'Temperature', 30.7 ,170420228140100000180)
/
INSERT INTO Mesure VALUES (17042022814010000018018002, 'Pluviometrie',  0.0 ,170420228140100000180)
/
INSERT INTO Mesure VALUES (17042022814010000018018003, 'Vent', 6.48 ,170420228140100000180)
/
INSERT INTO Mesure VALUES (17042022814010000018018004, 'Ensoleillement', 1921 ,170420228140100000180)
/
INSERT INTO Releve VALUES (170420228140800000181, TO_DATE('17-04-2022' , 'DD-MM-YYYY') ,0000081408)
/
INSERT INTO Mesure VALUES (17042022814080000018118101, 'Temperature', 31.3 ,170420228140800000181)
/
INSERT INTO Mesure VALUES (17042022814080000018118102, 'Pluviometrie',  0.0 ,170420228140800000181)
/
INSERT INTO Mesure VALUES (17042022814080000018118103, 'Vent', 14.4 ,170420228140800000181)
/
INSERT INTO Releve VALUES (170420226197600000182, TO_DATE('17-04-2022' , 'DD-MM-YYYY') ,0000061976)
/
INSERT INTO Mesure VALUES (17042022619760000018218201, 'Temperature', 27.7 ,170420226197600000182)
/
INSERT INTO Mesure VALUES (17042022619760000018218202, 'Pluviometrie',  0.0 ,170420226197600000182)
/
INSERT INTO Releve VALUES (170420227889000000183, TO_DATE('17-04-2022' , 'DD-MM-YYYY') ,0000078890)
/
INSERT INTO Mesure VALUES (17042022788900000018318301, 'Temperature', 25.2 ,170420227889000000183)
/
INSERT INTO Mesure VALUES (17042022788900000018318302, 'Pluviometrie',  0.0 ,170420227889000000183)
/
INSERT INTO Mesure VALUES (17042022788900000018318303, 'Vent', 33.84 ,170420227889000000183)
/
INSERT INTO Releve VALUES (170420220707200000184, TO_DATE('17-04-2022' , 'DD-MM-YYYY') ,0000007072)
/
INSERT INTO Mesure VALUES (17042022070720000018418401, 'Temperature', 1.9 ,170420220707200000184)
/
INSERT INTO Mesure VALUES (17042022070720000018418402, 'Pluviometrie',  0.0 ,170420220707200000184)
/
INSERT INTO Mesure VALUES (17042022070720000018418403, 'Vent', 6.48 ,170420220707200000184)
/
INSERT INTO Releve VALUES (170420220728000000185, TO_DATE('17-04-2022' , 'DD-MM-YYYY') ,0000007280)
/
INSERT INTO Mesure VALUES (17042022072800000018518501, 'Temperature', 5.4 ,170420220728000000185)
/
INSERT INTO Mesure VALUES (17042022072800000018518502, 'Pluviometrie',  0.0 ,170420220728000000185)
/
INSERT INTO Mesure VALUES (17042022072800000018518503, 'Vent', 14.4 ,170420220728000000185)
/
INSERT INTO Releve VALUES (170420220751000000186, TO_DATE('17-04-2022' , 'DD-MM-YYYY') ,0000007510)
/
INSERT INTO Mesure VALUES (17042022075100000018618601, 'Temperature', 10.7 ,170420220751000000186)
/
INSERT INTO Mesure VALUES (17042022075100000018618602, 'Pluviometrie',  0.0 ,170420220751000000186)
/
INSERT INTO Mesure VALUES (17042022075100000018618603, 'Vent', 6.48 ,170420220751000000186)
/
INSERT INTO Releve VALUES (170420220701500000187, TO_DATE('17-04-2022' , 'DD-MM-YYYY') ,0000007015)
/
INSERT INTO Mesure VALUES (17042022070150000018718701, 'Temperature', 7.4 ,170420220701500000187)
/
INSERT INTO Mesure VALUES (17042022070150000018718702, 'Pluviometrie',  0.0 ,170420220701500000187)
/
INSERT INTO Mesure VALUES (17042022070150000018718703, 'Vent', 5.76 ,170420220701500000187)
/
INSERT INTO Releve VALUES (170420220713000000188, TO_DATE('17-04-2022' , 'DD-MM-YYYY') ,0000007130)
/
INSERT INTO Mesure VALUES (17042022071300000018818801, 'Temperature', 13.8 ,170420220713000000188)
/
INSERT INTO Mesure VALUES (17042022071300000018818802, 'Pluviometrie',  0.0 ,170420220713000000188)
/
INSERT INTO Mesure VALUES (17042022071300000018818803, 'Vent', 11.88 ,170420220713000000188)
/
INSERT INTO Mesure VALUES (17042022071300000018818804, 'Ensoleillement', 2004 ,170420220713000000188)
/
INSERT INTO Releve VALUES (170420220703700000189, TO_DATE('17-04-2022' , 'DD-MM-YYYY') ,0000007037)
/
INSERT INTO Mesure VALUES (17042022070370000018918901, 'Temperature', 16.4 ,170420220703700000189)
/
INSERT INTO Mesure VALUES (17042022070370000018918902, 'Pluviometrie',  0.0 ,170420220703700000189)
/
INSERT INTO Mesure VALUES (17042022070370000018918903, 'Vent', 18.0 ,170420220703700000189)
/
INSERT INTO Releve VALUES (170420220718100000190, TO_DATE('17-04-2022' , 'DD-MM-YYYY') ,0000007181)
/
INSERT INTO Mesure VALUES (17042022071810000019019001, 'Temperature', 16.9 ,170420220718100000190)
/
INSERT INTO Mesure VALUES (17042022071810000019019002, 'Pluviometrie',  0.0 ,170420220718100000190)
/
INSERT INTO Mesure VALUES (17042022071810000019019003, 'Vent', 25.2 ,170420220718100000190)
/
INSERT INTO Mesure VALUES (17042022071810000019019004, 'Ensoleillement', 2285 ,170420220718100000190)
/
INSERT INTO Releve VALUES (170420220711000000191, TO_DATE('17-04-2022' , 'DD-MM-YYYY') ,0000007110)
/
INSERT INTO Mesure VALUES (17042022071100000019119101, 'Temperature', 14.1 ,170420220711000000191)
/
INSERT INTO Mesure VALUES (17042022071100000019119102, 'Pluviometrie',  0.0 ,170420220711000000191)
/
INSERT INTO Mesure VALUES (17042022071100000019119103, 'Vent', 12.96 ,170420220711000000191)
/
INSERT INTO Mesure VALUES (17042022071100000019119104, 'Ensoleillement', 1546 ,170420220711000000191)
/
INSERT INTO Releve VALUES (170420220753500000192, TO_DATE('17-04-2022' , 'DD-MM-YYYY') ,0000007535)
/
INSERT INTO Mesure VALUES (17042022075350000019219201, 'Temperature', 20.7 ,170420220753500000192)
/
INSERT INTO Mesure VALUES (17042022075350000019219202, 'Pluviometrie',  0.0 ,170420220753500000192)
/
INSERT INTO Mesure VALUES (17042022075350000019219203, 'Vent', 9.36 ,170420220753500000192)
/
INSERT INTO Mesure VALUES (17042022075350000019219204, 'Ensoleillement', 1749 ,170420220753500000192)
/
INSERT INTO Releve VALUES (170420220718100000193, TO_DATE('17-04-2022' , 'DD-MM-YYYY') ,0000007181)
/
INSERT INTO Mesure VALUES (17042022071810000019319301, 'Temperature', 7.9 ,170420220718100000193)
/
INSERT INTO Mesure VALUES (17042022071810000019319302, 'Pluviometrie',  0.0 ,170420220718100000193)
/
INSERT INTO Mesure VALUES (17042022071810000019319303, 'Vent', 18.0 ,170420220718100000193)
/
INSERT INTO Mesure VALUES (17042022071810000019319304, 'Ensoleillement', 2223 ,170420220718100000193)
/
INSERT INTO Releve VALUES (170420220774700000194, TO_DATE('17-04-2022' , 'DD-MM-YYYY') ,0000007747)
/
INSERT INTO Mesure VALUES (17042022077470000019419401, 'Temperature', 20.5 ,170420220774700000194)
/
INSERT INTO Mesure VALUES (17042022077470000019419402, 'Pluviometrie',  0.0 ,170420220774700000194)
/
INSERT INTO Mesure VALUES (17042022077470000019419403, 'Vent', 27.0 ,170420220774700000194)
/
INSERT INTO Mesure VALUES (17042022077470000019419404, 'Ensoleillement', 2094 ,170420220774700000194)
/
INSERT INTO Releve VALUES (170420220729900000195, TO_DATE('17-04-2022' , 'DD-MM-YYYY') ,0000007299)
/
INSERT INTO Mesure VALUES (17042022072990000019519501, 'Temperature', 3.0 ,170420220729900000195)
/
INSERT INTO Mesure VALUES (17042022072990000019519502, 'Pluviometrie',  0.0 ,170420220729900000195)
/
INSERT INTO Mesure VALUES (17042022072990000019519503, 'Vent', 6.84 ,170420220729900000195)
/
INSERT INTO Releve VALUES (170420220760700000196, TO_DATE('17-04-2022' , 'DD-MM-YYYY') ,0000007607)
/
INSERT INTO Mesure VALUES (17042022076070000019619601, 'Temperature', 11.4 ,170420220760700000196)
/
INSERT INTO Mesure VALUES (17042022076070000019619602, 'Pluviometrie',  0.0 ,170420220760700000196)
/
INSERT INTO Mesure VALUES (17042022076070000019619603, 'Vent', 7.92 ,170420220760700000196)
/
INSERT INTO Releve VALUES (170420220718100000197, TO_DATE('17-04-2022' , 'DD-MM-YYYY') ,0000007181)
/
INSERT INTO Mesure VALUES (17042022071810000019719701, 'Temperature', 6.3 ,170420220718100000197)
/
INSERT INTO Mesure VALUES (17042022071810000019719702, 'Pluviometrie',  0.0 ,170420220718100000197)
/
INSERT INTO Mesure VALUES (17042022071810000019719703, 'Vent', 19.8 ,170420220718100000197)
/
INSERT INTO Releve VALUES (170420220729900000198, TO_DATE('17-04-2022' , 'DD-MM-YYYY') ,0000007299)
/
INSERT INTO Mesure VALUES (17042022072990000019819801, 'Temperature', 4.4 ,170420220729900000198)
/
INSERT INTO Mesure VALUES (17042022072990000019819802, 'Pluviometrie',  0.0 ,170420220729900000198)
/
INSERT INTO Mesure VALUES (17042022072990000019819803, 'Vent', 5.04 ,170420220729900000198)
/
INSERT INTO Releve VALUES (170420226197200000199, TO_DATE('17-04-2022' , 'DD-MM-YYYY') ,0000061972)
/
INSERT INTO Mesure VALUES (17042022619720000019919901, 'Temperature', 28.3 ,170420226197200000199)
/
INSERT INTO Mesure VALUES (17042022619720000019919902, 'Pluviometrie',  0.0 ,170420226197200000199)
/
INSERT INTO Mesure VALUES (17042022619720000019919903, 'Vent', 37.8 ,170420226197200000199)
/
INSERT INTO Mesure VALUES (17042022619720000019919904, 'Ensoleillement', 1620 ,170420226197200000199)
/
INSERT INTO Releve VALUES (170420227889400000200, TO_DATE('17-04-2022' , 'DD-MM-YYYY') ,0000078894)
/
INSERT INTO Mesure VALUES (17042022788940000020020001, 'Temperature', 25.0 ,170420227889400000200)
/
INSERT INTO Mesure VALUES (17042022788940000020020002, 'Pluviometrie',  0.0 ,170420227889400000200)
/
INSERT INTO Mesure VALUES (17042022788940000020020003, 'Vent', 11.88 ,170420227889400000200)
/
INSERT INTO Mesure VALUES (17042022788940000020020004, 'Ensoleillement', 2149 ,170420227889400000200)
/
INSERT INTO Releve VALUES (170420228140100000201, TO_DATE('17-04-2022' , 'DD-MM-YYYY') ,0000081401)
/
INSERT INTO Mesure VALUES (17042022814010000020120101, 'Temperature', 22.7 ,170420228140100000201)
/
INSERT INTO Mesure VALUES (17042022814010000020120102, 'Pluviometrie',  0.0 ,170420228140100000201)
/
INSERT INTO Mesure VALUES (17042022814010000020120103, 'Vent', 0.0 ,170420228140100000201)
/
INSERT INTO Releve VALUES (170420220716800000202, TO_DATE('17-04-2022' , 'DD-MM-YYYY') ,0000007168)
/
INSERT INTO Mesure VALUES (17042022071680000020220201, 'Temperature', 12.0 ,170420220716800000202)
/
INSERT INTO Mesure VALUES (17042022071680000020220202, 'Pluviometrie',  0.0 ,170420220716800000202)
/
INSERT INTO Mesure VALUES (17042022071680000020220203, 'Vent', 15.12 ,170420220716800000202)
/
INSERT INTO Releve VALUES (170420220751000000203, TO_DATE('17-04-2022' , 'DD-MM-YYYY') ,0000007510)
/
INSERT INTO Mesure VALUES (17042022075100000020320301, 'Temperature', 17.3 ,170420220751000000203)
/
INSERT INTO Mesure VALUES (17042022075100000020320302, 'Pluviometrie',  0.0 ,170420220751000000203)
/
INSERT INTO Mesure VALUES (17042022075100000020320303, 'Vent', 5.04 ,170420220751000000203)
/
INSERT INTO Releve VALUES (170420220766100000204, TO_DATE('17-04-2022' , 'DD-MM-YYYY') ,0000007661)
/
INSERT INTO Mesure VALUES (17042022076610000020420403, 'Vent', 13.32 ,170420220766100000204)
/
INSERT INTO Mesure VALUES (17042022076610000020420404, 'Ensoleillement', 2291 ,170420220766100000204)
/
INSERT INTO Releve VALUES (170420220716800000205, TO_DATE('17-04-2022' , 'DD-MM-YYYY') ,0000007168)
/
INSERT INTO Mesure VALUES (17042022071680000020520501, 'Temperature', 18.0 ,170420220716800000205)
/
INSERT INTO Mesure VALUES (17042022071680000020520502, 'Pluviometrie',  0.0 ,170420220716800000205)
/
INSERT INTO Mesure VALUES (17042022071680000020520503, 'Vent', 16.56 ,170420220716800000205)
/
INSERT INTO Mesure VALUES (17042022071680000020520504, 'Ensoleillement', 2324 ,170420220716800000205)
/
INSERT INTO Releve VALUES (170420227180500000206, TO_DATE('17-04-2022' , 'DD-MM-YYYY') ,0000071805)
/
INSERT INTO Mesure VALUES (17042022718050000020620601, 'Temperature', 4.8 ,170420227180500000206)
/
INSERT INTO Mesure VALUES (17042022718050000020620602, 'Pluviometrie',  0.0 ,170420227180500000206)
/
INSERT INTO Mesure VALUES (17042022718050000020620603, 'Vent', 33.84 ,170420227180500000206)
/
INSERT INTO Mesure VALUES (17042022718050000020620604, 'Ensoleillement', 1443 ,170420227180500000206)
/
INSERT INTO Releve VALUES (170420220724000000207, TO_DATE('17-04-2022' , 'DD-MM-YYYY') ,0000007240)
/
INSERT INTO Mesure VALUES (17042022072400000020720701, 'Temperature', 17.8 ,170420220724000000207)
/
INSERT INTO Mesure VALUES (17042022072400000020720702, 'Pluviometrie',  0.0 ,170420220724000000207)
/
INSERT INTO Mesure VALUES (17042022072400000020720703, 'Vent', 5.04 ,170420220724000000207)
/
INSERT INTO Mesure VALUES (17042022072400000020720704, 'Ensoleillement', 1785 ,170420220724000000207)
/
INSERT INTO Releve VALUES (170420220728000000208, TO_DATE('17-04-2022' , 'DD-MM-YYYY') ,0000007280)
/
INSERT INTO Mesure VALUES (17042022072800000020820801, 'Temperature', 16.0 ,170420220728000000208)
/
INSERT INTO Mesure VALUES (17042022072800000020820802, 'Pluviometrie',  0.0 ,170420220728000000208)
/
INSERT INTO Mesure VALUES (17042022072800000020820803, 'Vent', 16.56 ,170420220728000000208)
/
INSERT INTO Releve VALUES (170420220751000000209, TO_DATE('17-04-2022' , 'DD-MM-YYYY') ,0000007510)
/
INSERT INTO Mesure VALUES (17042022075100000020920901, 'Temperature', 17.1 ,170420220751000000209)
/
INSERT INTO Mesure VALUES (17042022075100000020920902, 'Pluviometrie',  0.0 ,170420220751000000209)
/
INSERT INTO Mesure VALUES (17042022075100000020920903, 'Vent', 21.24 ,170420220751000000209)
/
INSERT INTO Releve VALUES (170420220759100000210, TO_DATE('17-04-2022' , 'DD-MM-YYYY') ,0000007591)
/
INSERT INTO Mesure VALUES (17042022075910000021021001, 'Temperature', 13.7 ,170420220759100000210)
/
INSERT INTO Mesure VALUES (17042022075910000021021002, 'Pluviometrie',  0.0 ,170420220759100000210)
/
INSERT INTO Mesure VALUES (17042022075910000021021003, 'Vent', 7.56 ,170420220759100000210)
/
INSERT INTO Releve VALUES (170420220769000000211, TO_DATE('17-04-2022' , 'DD-MM-YYYY') ,0000007690)
/
INSERT INTO Mesure VALUES (17042022076900000021121101, 'Temperature', 17.7 ,170420220769000000211)
/
INSERT INTO Mesure VALUES (17042022076900000021121102, 'Pluviometrie',  -0.1 ,170420220769000000211)
/
INSERT INTO Mesure VALUES (17042022076900000021121103, 'Vent', 28.8 ,170420220769000000211)
/
INSERT INTO Releve VALUES (170420220700500000212, TO_DATE('17-04-2022' , 'DD-MM-YYYY') ,0000007005)
/
INSERT INTO Mesure VALUES (17042022070050000021221201, 'Temperature', 6.9 ,170420220700500000212)
/
INSERT INTO Mesure VALUES (17042022070050000021221202, 'Pluviometrie',  0.0 ,170420220700500000212)
/
INSERT INTO Mesure VALUES (17042022070050000021221203, 'Vent', 5.4 ,170420220700500000212)
/
INSERT INTO Mesure VALUES (17042022070050000021221204, 'Ensoleillement', 2298 ,170420220700500000212)
/
INSERT INTO Releve VALUES (170420220716800000213, TO_DATE('17-04-2022' , 'DD-MM-YYYY') ,0000007168)
/
INSERT INTO Mesure VALUES (17042022071680000021321301, 'Temperature', 6.9 ,170420220716800000213)
/
INSERT INTO Mesure VALUES (17042022071680000021321302, 'Pluviometrie',  0.0 ,170420220716800000213)
/
INSERT INTO Mesure VALUES (17042022071680000021321303, 'Vent', 8.28 ,170420220716800000213)
/
INSERT INTO Releve VALUES (170420220748100000214, TO_DATE('17-04-2022' , 'DD-MM-YYYY') ,0000007481)
/
INSERT INTO Mesure VALUES (17042022074810000021421401, 'Temperature', 7.5 ,170420220748100000214)
/
INSERT INTO Mesure VALUES (17042022074810000021421402, 'Pluviometrie',  0.0 ,170420220748100000214)
/
INSERT INTO Mesure VALUES (17042022074810000021421403, 'Vent', 2.16 ,170420220748100000214)
/
INSERT INTO Mesure VALUES (17042022074810000021421404, 'Ensoleillement', 2319 ,170420220748100000214)
/
INSERT INTO Lieu VALUES (0000000031, 'HAUTE-GARONNE' ,0000099976)
/
INSERT INTO Lieu VALUES (0000031069, 'TOULOUSE-BLAGNAC' ,0000000031)
/
INSERT INTO Station VALUES (0000007630,0000031069, '0425416378',43.621,1.378833)
/
INSERT INTO Releve VALUES (170420220763000000215, TO_DATE('17-04-2022' , 'DD-MM-YYYY') ,0000007630)
/
INSERT INTO Mesure VALUES (17042022076300000021521501, 'Temperature', 10.7 ,170420220763000000215)
/
INSERT INTO Mesure VALUES (17042022076300000021521502, 'Pluviometrie',  0.0 ,170420220763000000215)
/
INSERT INTO Mesure VALUES (17042022076300000021521503, 'Vent', 6.48 ,170420220763000000215)
/
INSERT INTO Mesure VALUES (17042022076300000021521504, 'Ensoleillement', 1520 ,170420220763000000215)
/
INSERT INTO Releve VALUES (170420220701500000216, TO_DATE('17-04-2022' , 'DD-MM-YYYY') ,0000007015)
/
INSERT INTO Mesure VALUES (17042022070150000021621601, 'Temperature', 13.0 ,170420220701500000216)
/
INSERT INTO Mesure VALUES (17042022070150000021621602, 'Pluviometrie',  0.0 ,170420220701500000216)
/
INSERT INTO Mesure VALUES (17042022070150000021621603, 'Vent', 14.4 ,170420220701500000216)
/
INSERT INTO Mesure VALUES (17042022070150000021621604, 'Ensoleillement', 2114 ,170420220701500000216)
/
INSERT INTO Releve VALUES (170420227892500000217, TO_DATE('17-04-2022' , 'DD-MM-YYYY') ,0000078925)
/
INSERT INTO Mesure VALUES (17042022789250000021721701, 'Temperature', 25.4 ,170420227892500000217)
/
INSERT INTO Mesure VALUES (17042022789250000021721702, 'Pluviometrie',  -0.1 ,170420227892500000217)
/
INSERT INTO Mesure VALUES (17042022789250000021721703, 'Vent', 24.84 ,170420227892500000217)
/
INSERT INTO Releve VALUES (170420220702000000218, TO_DATE('17-04-2022' , 'DD-MM-YYYY') ,0000007020)
/
INSERT INTO Mesure VALUES (17042022070200000021821801, 'Temperature', 15.9 ,170420220702000000218)
/
INSERT INTO Mesure VALUES (17042022070200000021821802, 'Pluviometrie',  0.0 ,170420220702000000218)
/
INSERT INTO Mesure VALUES (17042022070200000021821803, 'Vent', 4.68 ,170420220702000000218)
/
INSERT INTO Mesure VALUES (17042022070200000021821804, 'Ensoleillement', 1535 ,170420220702000000218)
/
INSERT INTO Releve VALUES (170420220728000000219, TO_DATE('17-04-2022' , 'DD-MM-YYYY') ,0000007280)
/
INSERT INTO Mesure VALUES (17042022072800000021921901, 'Temperature', 19.6 ,170420220728000000219)
/
INSERT INTO Mesure VALUES (17042022072800000021921902, 'Pluviometrie',  0.0 ,170420220728000000219)
/
INSERT INTO Mesure VALUES (17042022072800000021921903, 'Vent', 24.84 ,170420220728000000219)
/
INSERT INTO Mesure VALUES (17042022072800000021921904, 'Ensoleillement', 2284 ,170420220728000000219)
/
INSERT INTO Releve VALUES (170420220776100000220, TO_DATE('17-04-2022' , 'DD-MM-YYYY') ,0000007761)
/
INSERT INTO Mesure VALUES (17042022077610000022022001, 'Temperature', 19.0 ,170420220776100000220)
/
INSERT INTO Mesure VALUES (17042022077610000022022002, 'Pluviometrie',  0.0 ,170420220776100000220)
/
INSERT INTO Mesure VALUES (17042022077610000022022003, 'Vent', 21.6 ,170420220776100000220)
/
INSERT INTO Mesure VALUES (17042022077610000022022004, 'Ensoleillement', 2434 ,170420220776100000220)
/
INSERT INTO Releve VALUES (170420220711700000221, TO_DATE('17-04-2022' , 'DD-MM-YYYY') ,0000007117)
/
INSERT INTO Mesure VALUES (17042022071170000022122101, 'Temperature', 12.4 ,170420220711700000221)
/
INSERT INTO Mesure VALUES (17042022071170000022122102, 'Pluviometrie',  0.0 ,170420220711700000221)
/
INSERT INTO Mesure VALUES (17042022071170000022122103, 'Vent', 12.96 ,170420220711700000221)
/
INSERT INTO Mesure VALUES (17042022071170000022122104, 'Ensoleillement', 2083 ,170420220711700000221)
/
INSERT INTO Releve VALUES (170420220714900000222, TO_DATE('17-04-2022' , 'DD-MM-YYYY') ,0000007149)
/
INSERT INTO Mesure VALUES (17042022071490000022222201, 'Temperature', 17.7 ,170420220714900000222)
/
INSERT INTO Mesure VALUES (17042022071490000022222202, 'Pluviometrie',  0.0 ,170420220714900000222)
/
INSERT INTO Mesure VALUES (17042022071490000022222203, 'Vent', 10.44 ,170420220714900000222)
/
INSERT INTO Mesure VALUES (17042022071490000022222204, 'Ensoleillement', 2114 ,170420220714900000222)
/
INSERT INTO Releve VALUES (170420220748100000223, TO_DATE('17-04-2022' , 'DD-MM-YYYY') ,0000007481)
/
INSERT INTO Mesure VALUES (17042022074810000022322301, 'Temperature', 17.2 ,170420220748100000223)
/
INSERT INTO Mesure VALUES (17042022074810000022322302, 'Pluviometrie',  0.0 ,170420220748100000223)
/
INSERT INTO Mesure VALUES (17042022074810000022322303, 'Vent', 12.96 ,170420220748100000223)
/
INSERT INTO Releve VALUES (170420220762700000224, TO_DATE('17-04-2022' , 'DD-MM-YYYY') ,0000007627)
/
INSERT INTO Mesure VALUES (17042022076270000022422401, 'Temperature', 17.7 ,170420220762700000224)
/
INSERT INTO Mesure VALUES (17042022076270000022422402, 'Pluviometrie',  0.0 ,170420220762700000224)
/
INSERT INTO Mesure VALUES (17042022076270000022422403, 'Vent', 15.84 ,170420220762700000224)
/
INSERT INTO Releve VALUES (170420220763000000225, TO_DATE('17-04-2022' , 'DD-MM-YYYY') ,0000007630)
/
INSERT INTO Mesure VALUES (17042022076300000022522501, 'Temperature', 20.5 ,170420220763000000225)
/
INSERT INTO Mesure VALUES (17042022076300000022522502, 'Pluviometrie',  0.0 ,170420220763000000225)
/
INSERT INTO Mesure VALUES (17042022076300000022522503, 'Vent', 23.4 ,170420220763000000225)
/
INSERT INTO Mesure VALUES (17042022076300000022522504, 'Ensoleillement', 1968 ,170420220763000000225)
/
INSERT INTO Releve VALUES (170420220774700000226, TO_DATE('17-04-2022' , 'DD-MM-YYYY') ,0000007747)
/
INSERT INTO Mesure VALUES (17042022077470000022622601, 'Temperature', 17.6 ,170420220774700000226)
/
INSERT INTO Mesure VALUES (17042022077470000022622602, 'Pluviometrie',  0.0 ,170420220774700000226)
/
INSERT INTO Mesure VALUES (17042022077470000022622603, 'Vent', 5.4 ,170420220774700000226)
/
INSERT INTO Releve VALUES (170420226700500000227, TO_DATE('17-04-2022' , 'DD-MM-YYYY') ,0000067005)
/
INSERT INTO Mesure VALUES (17042022670050000022722701, 'Temperature', 27.3 ,170420226700500000227)
/
INSERT INTO Mesure VALUES (17042022670050000022722702, 'Pluviometrie',  0.0 ,170420226700500000227)
/
INSERT INTO Mesure VALUES (17042022670050000022722703, 'Vent', 9.72 ,170420226700500000227)
/
INSERT INTO Releve VALUES (170420220716800000228, TO_DATE('17-04-2022' , 'DD-MM-YYYY') ,0000007168)
/
INSERT INTO Mesure VALUES (17042022071680000022822801, 'Temperature', 7.4 ,170420220716800000228)
/
INSERT INTO Mesure VALUES (17042022071680000022822802, 'Pluviometrie',  0.0 ,170420220716800000228)
/
INSERT INTO Mesure VALUES (17042022071680000022822803, 'Vent', 2.16 ,170420220716800000228)
/
INSERT INTO Mesure VALUES (17042022071680000022822804, 'Ensoleillement', 1605 ,170420220716800000228)
/
INSERT INTO Releve VALUES (170420220776100000229, TO_DATE('17-04-2022' , 'DD-MM-YYYY') ,0000007761)
/
INSERT INTO Mesure VALUES (17042022077610000022922901, 'Temperature', 11.3 ,170420220776100000229)
/
INSERT INTO Mesure VALUES (17042022077610000022922902, 'Pluviometrie',  0.0 ,170420220776100000229)
/
INSERT INTO Mesure VALUES (17042022077610000022922903, 'Vent', 5.4 ,170420220776100000229)
/
INSERT INTO Mesure VALUES (17042022077610000022922904, 'Ensoleillement', 1602 ,170420220776100000229)
/
INSERT INTO Releve VALUES (170420227889400000230, TO_DATE('17-04-2022' , 'DD-MM-YYYY') ,0000078894)
/
INSERT INTO Mesure VALUES (17042022788940000023023001, 'Temperature', 25.9 ,170420227889400000230)
/
INSERT INTO Mesure VALUES (17042022788940000023023002, 'Pluviometrie',  0.0 ,170420227889400000230)
/
INSERT INTO Mesure VALUES (17042022788940000023023003, 'Vent', 14.4 ,170420227889400000230)
/
INSERT INTO Mesure VALUES (17042022788940000023023004, 'Ensoleillement', 2222 ,170420227889400000230)
/
INSERT INTO Releve VALUES (170420220765000000231, TO_DATE('17-04-2022' , 'DD-MM-YYYY') ,0000007650)
/
INSERT INTO Mesure VALUES (17042022076500000023123101, 'Temperature', 18.9 ,170420220765000000231)
/
INSERT INTO Mesure VALUES (17042022076500000023123102, 'Pluviometrie',  0.0 ,170420220765000000231)
/
INSERT INTO Mesure VALUES (17042022076500000023123103, 'Vent', 14.4 ,170420220765000000231)
/
INSERT INTO Mesure VALUES (17042022076500000023123104, 'Ensoleillement', 2003 ,170420220765000000231)
/
INSERT INTO Releve VALUES (170420220724000000232, TO_DATE('17-04-2022' , 'DD-MM-YYYY') ,0000007240)
/
INSERT INTO Mesure VALUES (17042022072400000023223201, 'Temperature', 20.6 ,170420220724000000232)
/
INSERT INTO Mesure VALUES (17042022072400000023223202, 'Pluviometrie',  0.0 ,170420220724000000232)
/
INSERT INTO Mesure VALUES (17042022072400000023223203, 'Vent', 7.56 ,170420220724000000232)
/
INSERT INTO Mesure VALUES (17042022072400000023223204, 'Ensoleillement', 2431 ,170420220724000000232)
/
INSERT INTO Releve VALUES (170420220779000000233, TO_DATE('17-04-2022' , 'DD-MM-YYYY') ,0000007790)
/
INSERT INTO Mesure VALUES (17042022077900000023323301, 'Temperature', 17.0 ,170420220779000000233)
/
INSERT INTO Mesure VALUES (17042022077900000023323302, 'Pluviometrie',  0.0 ,170420220779000000233)
/
INSERT INTO Mesure VALUES (17042022077900000023323303, 'Vent', 16.2 ,170420220779000000233)
/
INSERT INTO Releve VALUES (170420227889000000234, TO_DATE('17-04-2022' , 'DD-MM-YYYY') ,0000078890)
/
INSERT INTO Mesure VALUES (17042022788900000023423401, 'Temperature', 27.5 ,170420227889000000234)
/
INSERT INTO Mesure VALUES (17042022788900000023423403, 'Vent', 30.6 ,170420227889000000234)
/
INSERT INTO Mesure VALUES (17042022788900000023423404, 'Ensoleillement', 2401 ,170420227889000000234)
/
INSERT INTO Releve VALUES (170420227892500000235, TO_DATE('17-04-2022' , 'DD-MM-YYYY') ,0000078925)
/
INSERT INTO Mesure VALUES (17042022789250000023523501, 'Temperature', 29.1 ,170420227892500000235)
/
INSERT INTO Mesure VALUES (17042022789250000023523502, 'Pluviometrie',  0.0 ,170420227892500000235)
/
INSERT INTO Mesure VALUES (17042022789250000023523503, 'Vent', 33.48 ,170420227892500000235)
/
INSERT INTO Releve VALUES (170420220713900000236, TO_DATE('17-04-2022' , 'DD-MM-YYYY') ,0000007139)
/
INSERT INTO Mesure VALUES (17042022071390000023623601, 'Temperature', 17.8 ,170420220713900000236)
/
INSERT INTO Mesure VALUES (17042022071390000023623602, 'Pluviometrie',  0.0 ,170420220713900000236)
/
INSERT INTO Mesure VALUES (17042022071390000023623603, 'Vent', 6.12 ,170420220713900000236)
/
INSERT INTO Releve VALUES (170420220725500000237, TO_DATE('17-04-2022' , 'DD-MM-YYYY') ,0000007255)
/
INSERT INTO Mesure VALUES (17042022072550000023723701, 'Temperature', 19.2 ,170420220725500000237)
/
INSERT INTO Mesure VALUES (17042022072550000023723702, 'Pluviometrie',  0.0 ,170420220725500000237)
/
INSERT INTO Mesure VALUES (17042022072550000023723703, 'Vent', 6.12 ,170420220725500000237)
/
INSERT INTO Mesure VALUES (17042022072550000023723704, 'Ensoleillement', 2304 ,170420220725500000237)
/
INSERT INTO Releve VALUES (170420220703700000238, TO_DATE('17-04-2022' , 'DD-MM-YYYY') ,0000007037)
/
INSERT INTO Mesure VALUES (17042022070370000023823801, 'Temperature', 7.6 ,170420220703700000238)
/
INSERT INTO Mesure VALUES (17042022070370000023823802, 'Pluviometrie',  0.0 ,170420220703700000238)
/
INSERT INTO Mesure VALUES (17042022070370000023823803, 'Vent', 15.84 ,170420220703700000238)
/
INSERT INTO Mesure VALUES (17042022070370000023823804, 'Ensoleillement', 2203 ,170420220703700000238)
/
INSERT INTO Releve VALUES (170420220713900000239, TO_DATE('17-04-2022' , 'DD-MM-YYYY') ,0000007139)
/
INSERT INTO Mesure VALUES (17042022071390000023923901, 'Temperature', 8.1 ,170420220713900000239)
/
INSERT INTO Mesure VALUES (17042022071390000023923902, 'Pluviometrie',  0.0 ,170420220713900000239)
/
INSERT INTO Mesure VALUES (17042022071390000023923903, 'Vent', 7.92 ,170420220713900000239)
/
INSERT INTO Mesure VALUES (17042022071390000023923904, 'Ensoleillement', 1472 ,170420220713900000239)
/
INSERT INTO Releve VALUES (170420220766100000240, TO_DATE('17-04-2022' , 'DD-MM-YYYY') ,0000007661)
/
INSERT INTO Mesure VALUES (17042022076610000024024003, 'Vent', 32.76 ,170420220766100000240)
/
INSERT INTO Releve VALUES (170420220724000000241, TO_DATE('17-04-2022' , 'DD-MM-YYYY') ,0000007240)
/
INSERT INTO Mesure VALUES (17042022072400000024124101, 'Temperature', 7.2 ,170420220724000000241)
/
INSERT INTO Mesure VALUES (17042022072400000024124102, 'Pluviometrie',  0.0 ,170420220724000000241)
/
INSERT INTO Mesure VALUES (17042022072400000024124103, 'Vent', 11.52 ,170420220724000000241)
/
INSERT INTO Mesure VALUES (17042022072400000024124104, 'Ensoleillement', 1712 ,170420220724000000241)
/
INSERT INTO Releve VALUES (170420220703700000242, TO_DATE('17-04-2022' , 'DD-MM-YYYY') ,0000007037)
/
INSERT INTO Mesure VALUES (17042022070370000024224201, 'Temperature', 7.6 ,170420220703700000242)
/
INSERT INTO Mesure VALUES (17042022070370000024224202, 'Pluviometrie',  0.0 ,170420220703700000242)
/
INSERT INTO Mesure VALUES (17042022070370000024224203, 'Vent', 15.48 ,170420220703700000242)
/
INSERT INTO Mesure VALUES (17042022070370000024224204, 'Ensoleillement', 1965 ,170420220703700000242)
/
INSERT INTO Releve VALUES (170420220711700000243, TO_DATE('17-04-2022' , 'DD-MM-YYYY') ,0000007117)
/
INSERT INTO Mesure VALUES (17042022071170000024324301, 'Temperature', 12.1 ,170420220711700000243)
/
INSERT INTO Mesure VALUES (17042022071170000024324302, 'Pluviometrie',  0.0 ,170420220711700000243)
/
INSERT INTO Mesure VALUES (17042022071170000024324303, 'Vent', 23.04 ,170420220711700000243)
/
INSERT INTO Releve VALUES (170420226700500000244, TO_DATE('17-04-2022' , 'DD-MM-YYYY') ,0000067005)
/
INSERT INTO Mesure VALUES (17042022670050000024424401, 'Temperature', 32.1 ,170420226700500000244)
/
INSERT INTO Mesure VALUES (17042022670050000024424402, 'Pluviometrie',  0.0 ,170420226700500000244)
/
INSERT INTO Mesure VALUES (17042022670050000024424403, 'Vent', 27.0 ,170420226700500000244)
/
INSERT INTO Mesure VALUES (17042022670050000024424404, 'Ensoleillement', 2404 ,170420226700500000244)
/
INSERT INTO Releve VALUES (170420220707200000245, TO_DATE('17-04-2022' , 'DD-MM-YYYY') ,0000007072)
/
INSERT INTO Mesure VALUES (17042022070720000024524501, 'Temperature', 18.4 ,170420220707200000245)
/
INSERT INTO Mesure VALUES (17042022070720000024524502, 'Pluviometrie',  0.0 ,170420220707200000245)
/
INSERT INTO Mesure VALUES (17042022070720000024524503, 'Vent', 18.36 ,170420220707200000245)
/
INSERT INTO Mesure VALUES (17042022070720000024524504, 'Ensoleillement', 2107 ,170420220707200000245)
/
INSERT INTO Releve VALUES (170420220711000000246, TO_DATE('17-04-2022' , 'DD-MM-YYYY') ,0000007110)
/
INSERT INTO Mesure VALUES (17042022071100000024624601, 'Temperature', 15.6 ,170420220711000000246)
/
INSERT INTO Mesure VALUES (17042022071100000024624602, 'Pluviometrie',  0.0 ,170420220711000000246)
/
INSERT INTO Mesure VALUES (17042022071100000024624603, 'Vent', 21.24 ,170420220711000000246)
/
INSERT INTO Releve VALUES (170420220713900000247, TO_DATE('17-04-2022' , 'DD-MM-YYYY') ,0000007139)
/
INSERT INTO Mesure VALUES (17042022071390000024724701, 'Temperature', 18.2 ,170420220713900000247)
/
INSERT INTO Mesure VALUES (17042022071390000024724702, 'Pluviometrie',  0.0 ,170420220713900000247)
/
INSERT INTO Mesure VALUES (17042022071390000024724703, 'Vent', 9.72 ,170420220713900000247)
/
INSERT INTO Releve VALUES (170420226197200000248, TO_DATE('17-04-2022' , 'DD-MM-YYYY') ,0000061972)
/
INSERT INTO Mesure VALUES (17042022619720000024824801, 'Temperature', 29.6 ,170420226197200000248)
/
INSERT INTO Mesure VALUES (17042022619720000024824802, 'Pluviometrie',  0.0 ,170420226197200000248)
/
INSERT INTO Mesure VALUES (17042022619720000024824803, 'Vent', 33.84 ,170420226197200000248)
/
INSERT INTO Releve VALUES (170420220769000000249, TO_DATE('17-04-2022' , 'DD-MM-YYYY') ,0000007690)
/
INSERT INTO Mesure VALUES (17042022076900000024924901, 'Temperature', 16.9 ,170420220769000000249)
/
INSERT INTO Mesure VALUES (17042022076900000024924902, 'Pluviometrie',  0.0 ,170420220769000000249)
/
INSERT INTO Mesure VALUES (17042022076900000024924903, 'Vent', 7.56 ,170420220769000000249)
/
INSERT INTO Releve VALUES (170420220700500000250, TO_DATE('17-04-2022' , 'DD-MM-YYYY') ,0000007005)
/
INSERT INTO Mesure VALUES (17042022070050000025025001, 'Temperature', 17.7 ,170420220700500000250)
/
INSERT INTO Mesure VALUES (17042022070050000025025002, 'Pluviometrie',  0.0 ,170420220700500000250)
/
INSERT INTO Mesure VALUES (17042022070050000025025003, 'Vent', 9.36 ,170420220700500000250)
/
INSERT INTO Releve VALUES (170420220747100000251, TO_DATE('17-04-2022' , 'DD-MM-YYYY') ,0000007471)
/
INSERT INTO Mesure VALUES (17042022074710000025125101, 'Temperature', 13.8 ,170420220747100000251)
/
INSERT INTO Mesure VALUES (17042022074710000025125102, 'Pluviometrie',  0.0 ,170420220747100000251)
/
INSERT INTO Mesure VALUES (17042022074710000025125103, 'Vent', 9.0 ,170420220747100000251)
/
INSERT INTO Releve VALUES (170420220776100000252, TO_DATE('17-04-2022' , 'DD-MM-YYYY') ,0000007761)
/
INSERT INTO Mesure VALUES (17042022077610000025225201, 'Temperature', 16.7 ,170420220776100000252)
/
INSERT INTO Mesure VALUES (17042022077610000025225202, 'Pluviometrie',  0.0 ,170420220776100000252)
/
INSERT INTO Mesure VALUES (17042022077610000025225203, 'Vent', 8.28 ,170420220776100000252)
/
INSERT INTO Releve VALUES (170420226197200000253, TO_DATE('17-04-2022' , 'DD-MM-YYYY') ,0000061972)
/
INSERT INTO Mesure VALUES (17042022619720000025325301, 'Temperature', 26.7 ,170420226197200000253)
/
INSERT INTO Mesure VALUES (17042022619720000025325302, 'Pluviometrie',  0.0 ,170420226197200000253)
/
INSERT INTO Mesure VALUES (17042022619720000025325303, 'Vent', 23.4 ,170420226197200000253)
/
INSERT INTO Mesure VALUES (17042022619720000025325304, 'Ensoleillement', 1451 ,170420226197200000253)
/
INSERT INTO Releve VALUES (170420227892200000254, TO_DATE('17-04-2022' , 'DD-MM-YYYY') ,0000078922)
/
INSERT INTO Mesure VALUES (17042022789220000025425401, 'Temperature', 27.5 ,170420227892200000254)
/
INSERT INTO Mesure VALUES (17042022789220000025425402, 'Pluviometrie',  0.0 ,170420227892200000254)
/
INSERT INTO Mesure VALUES (17042022789220000025425403, 'Vent', 32.4 ,170420227892200000254)
/
INSERT INTO Releve VALUES (170420220757700000255, TO_DATE('17-04-2022' , 'DD-MM-YYYY') ,0000007577)
/
INSERT INTO Mesure VALUES (17042022075770000025525501, 'Temperature', 15.7 ,170420220757700000255)
/
INSERT INTO Mesure VALUES (17042022075770000025525502, 'Pluviometrie',  0.0 ,170420220757700000255)
/
INSERT INTO Mesure VALUES (17042022075770000025525503, 'Vent', 24.84 ,170420220757700000255)
/
INSERT INTO Releve VALUES (170420220779000000256, TO_DATE('17-04-2022' , 'DD-MM-YYYY') ,0000007790)
/
INSERT INTO Mesure VALUES (17042022077900000025625601, 'Temperature', 11.5 ,170420220779000000256)
/
INSERT INTO Mesure VALUES (17042022077900000025625602, 'Pluviometrie',  0.0 ,170420220779000000256)
/
INSERT INTO Mesure VALUES (17042022077900000025625603, 'Vent', 5.76 ,170420220779000000256)
/
INSERT INTO Releve VALUES (170420227180500000257, TO_DATE('17-04-2022' , 'DD-MM-YYYY') ,0000071805)
/
INSERT INTO Mesure VALUES (17042022718050000025725701, 'Temperature', 3.6 ,170420227180500000257)
/
INSERT INTO Mesure VALUES (17042022718050000025725702, 'Pluviometrie',  0.0 ,170420227180500000257)
/
INSERT INTO Mesure VALUES (17042022718050000025725703, 'Vent', 14.04 ,170420227180500000257)
/
INSERT INTO Mesure VALUES (17042022718050000025725704, 'Ensoleillement', 2400 ,170420227180500000257)
/
INSERT INTO Releve VALUES (170420220774700000258, TO_DATE('17-04-2022' , 'DD-MM-YYYY') ,0000007747)
/
INSERT INTO Mesure VALUES (17042022077470000025825801, 'Temperature', 18.1 ,170420220774700000258)
/
INSERT INTO Mesure VALUES (17042022077470000025825802, 'Pluviometrie',  0.0 ,170420220774700000258)
/
INSERT INTO Mesure VALUES (17042022077470000025825803, 'Vent', 8.64 ,170420220774700000258)
/
INSERT INTO Releve VALUES (170420227180500000259, TO_DATE('17-04-2022' , 'DD-MM-YYYY') ,0000071805)
/
INSERT INTO Mesure VALUES (17042022718050000025925901, 'Temperature', 3.5 ,170420227180500000259)
/
INSERT INTO Mesure VALUES (17042022718050000025925902, 'Pluviometrie',  0.0 ,170420227180500000259)
/
INSERT INTO Mesure VALUES (17042022718050000025925903, 'Vent', 10.8 ,170420227180500000259)
/
INSERT INTO Releve VALUES (170420220753500000260, TO_DATE('17-04-2022' , 'DD-MM-YYYY') ,0000007535)
/
INSERT INTO Mesure VALUES (17042022075350000026026001, 'Temperature', 5.9 ,170420220753500000260)
/
INSERT INTO Mesure VALUES (17042022075350000026026002, 'Pluviometrie',  0.0 ,170420220753500000260)
/
INSERT INTO Mesure VALUES (17042022075350000026026003, 'Vent', 0.0 ,170420220753500000260)
/
INSERT INTO Mesure VALUES (17042022075350000026026004, 'Ensoleillement', 2395 ,170420220753500000260)
/
INSERT INTO Releve VALUES (170420220765000000261, TO_DATE('17-04-2022' , 'DD-MM-YYYY') ,0000007650)
/
INSERT INTO Mesure VALUES (17042022076500000026126101, 'Temperature', 13.5 ,170420220765000000261)
/
INSERT INTO Mesure VALUES (17042022076500000026126102, 'Pluviometrie',  0.0 ,170420220765000000261)
/
INSERT INTO Mesure VALUES (17042022076500000026126103, 'Vent', 5.4 ,170420220765000000261)
/
INSERT INTO Mesure VALUES (17042022076500000026126104, 'Ensoleillement', 2063 ,170420220765000000261)
/
INSERT INTO Releve VALUES (170420220714900000262, TO_DATE('17-04-2022' , 'DD-MM-YYYY') ,0000007149)
/
INSERT INTO Mesure VALUES (17042022071490000026226201, 'Temperature', 13.3 ,170420220714900000262)
/
INSERT INTO Mesure VALUES (17042022071490000026226202, 'Pluviometrie',  0.0 ,170420220714900000262)
/
INSERT INTO Mesure VALUES (17042022071490000026226203, 'Vent', 16.56 ,170420220714900000262)
/
INSERT INTO Releve VALUES (170420220724000000263, TO_DATE('17-04-2022' , 'DD-MM-YYYY') ,0000007240)
/
INSERT INTO Mesure VALUES (17042022072400000026326301, 'Temperature', 13.7 ,170420220724000000263)
/
INSERT INTO Mesure VALUES (17042022072400000026326302, 'Pluviometrie',  0.0 ,170420220724000000263)
/
INSERT INTO Mesure VALUES (17042022072400000026326303, 'Vent', 14.04 ,170420220724000000263)
/
INSERT INTO Mesure VALUES (17042022072400000026326304, 'Ensoleillement', 1545 ,170420220724000000263)
/
INSERT INTO Releve VALUES (170420226199800000264, TO_DATE('17-04-2022' , 'DD-MM-YYYY') ,0000061998)
/
INSERT INTO Mesure VALUES (17042022619980000026426401, 'Temperature', 6.7 ,170420226199800000264)
/
INSERT INTO Mesure VALUES (17042022619980000026426402, 'Pluviometrie',  0.0 ,170420226199800000264)
/
INSERT INTO Mesure VALUES (17042022619980000026426403, 'Vent', 14.76 ,170420226199800000264)
/
INSERT INTO Mesure VALUES (17042022619980000026426404, 'Ensoleillement', 1408 ,170420226199800000264)
/
INSERT INTO Releve VALUES (170420228140500000265, TO_DATE('17-04-2022' , 'DD-MM-YYYY') ,0000081405)
/
INSERT INTO Mesure VALUES (17042022814050000026526501, 'Temperature', 23.5 ,170420228140500000265)
/
INSERT INTO Mesure VALUES (17042022814050000026526502, 'Pluviometrie',  0.2 ,170420228140500000265)
/
INSERT INTO Mesure VALUES (17042022814050000026526503, 'Vent', 2.16 ,170420228140500000265)
/
INSERT INTO Releve VALUES (170420220757700000266, TO_DATE('17-04-2022' , 'DD-MM-YYYY') ,0000007577)
/
INSERT INTO Mesure VALUES (17042022075770000026626601, 'Temperature', 19.0 ,170420220757700000266)
/
INSERT INTO Mesure VALUES (17042022075770000026626602, 'Pluviometrie',  0.0 ,170420220757700000266)
/
INSERT INTO Mesure VALUES (17042022075770000026626603, 'Vent', 16.92 ,170420220757700000266)
/
INSERT INTO Releve VALUES (170420228141500000267, TO_DATE('17-04-2022' , 'DD-MM-YYYY') ,0000081415)
/
INSERT INTO Mesure VALUES (17042022814150000026726701, 'Temperature', 33.3 ,170420228141500000267)
/
INSERT INTO Mesure VALUES (17042022814150000026726703, 'Vent', 2.88 ,170420228141500000267)
/
INSERT INTO Mesure VALUES (17042022814150000026726704, 'Ensoleillement', 1432 ,170420228141500000267)
/
INSERT INTO Releve VALUES (170420220702000000268, TO_DATE('17-04-2022' , 'DD-MM-YYYY') ,0000007020)
/
INSERT INTO Mesure VALUES (17042022070200000026826801, 'Temperature', 8.5 ,170420220702000000268)
/
INSERT INTO Mesure VALUES (17042022070200000026826802, 'Pluviometrie',  0.2 ,170420220702000000268)
/
INSERT INTO Mesure VALUES (17042022070200000026826803, 'Vent', 16.2 ,170420220702000000268)
/
INSERT INTO Mesure VALUES (17042022070200000026826804, 'Ensoleillement', 2267 ,170420220702000000268)
/
INSERT INTO Releve VALUES (170420220713900000269, TO_DATE('17-04-2022' , 'DD-MM-YYYY') ,0000007139)
/
INSERT INTO Mesure VALUES (17042022071390000026926901, 'Temperature', 14.0 ,170420220713900000269)
/
INSERT INTO Mesure VALUES (17042022071390000026926902, 'Pluviometrie',  0.0 ,170420220713900000269)
/
INSERT INTO Mesure VALUES (17042022071390000026926903, 'Vent', 3.24 ,170420220713900000269)
/
INSERT INTO Releve VALUES (170420220725500000270, TO_DATE('17-04-2022' , 'DD-MM-YYYY') ,0000007255)
/
INSERT INTO Mesure VALUES (17042022072550000027027001, 'Temperature', 14.0 ,170420220725500000270)
/
INSERT INTO Mesure VALUES (17042022072550000027027002, 'Pluviometrie',  0.0 ,170420220725500000270)
/
INSERT INTO Mesure VALUES (17042022072550000027027003, 'Vent', 9.36 ,170420220725500000270)
/
INSERT INTO Releve VALUES (170420220769000000271, TO_DATE('17-04-2022' , 'DD-MM-YYYY') ,0000007690)
/
INSERT INTO Mesure VALUES (17042022076900000027127101, 'Temperature', 18.0 ,170420220769000000271)
/
INSERT INTO Mesure VALUES (17042022076900000027127102, 'Pluviometrie',  0.0 ,170420220769000000271)
/
INSERT INTO Mesure VALUES (17042022076900000027127103, 'Vent', 3.6 ,170420220769000000271)
/
INSERT INTO Mesure VALUES (17042022076900000027127104, 'Ensoleillement', 2143 ,170420220769000000271)
/
INSERT INTO Releve VALUES (170420220753500000272, TO_DATE('17-04-2022' , 'DD-MM-YYYY') ,0000007535)
/
INSERT INTO Mesure VALUES (17042022075350000027227201, 'Temperature', 19.8 ,170420220753500000272)
/
INSERT INTO Mesure VALUES (17042022075350000027227202, 'Pluviometrie',  0.0 ,170420220753500000272)
/
INSERT INTO Mesure VALUES (17042022075350000027227203, 'Vent', 8.28 ,170420220753500000272)
/
INSERT INTO Mesure VALUES (17042022075350000027227204, 'Ensoleillement', 2173 ,170420220753500000272)
/
INSERT INTO Releve VALUES (170420227889000000273, TO_DATE('17-04-2022' , 'DD-MM-YYYY') ,0000078890)
/
INSERT INTO Mesure VALUES (17042022788900000027327301, 'Temperature', 26.7 ,170420227889000000273)
/
INSERT INTO Mesure VALUES (17042022788900000027327302, 'Pluviometrie',  0.0 ,170420227889000000273)
/
INSERT INTO Mesure VALUES (17042022788900000027327303, 'Vent', 28.8 ,170420227889000000273)
/
INSERT INTO Mesure VALUES (17042022788900000027327304, 'Ensoleillement', 2415 ,170420227889000000273)
/
INSERT INTO Releve VALUES (170420220729900000274, TO_DATE('17-04-2022' , 'DD-MM-YYYY') ,0000007299)
/
INSERT INTO Mesure VALUES (17042022072990000027427401, 'Temperature', 18.4 ,170420220729900000274)
/
INSERT INTO Mesure VALUES (17042022072990000027427402, 'Pluviometrie',  0.0 ,170420220729900000274)
/
INSERT INTO Mesure VALUES (17042022072990000027427403, 'Vent', 22.32 ,170420220729900000274)
/
INSERT INTO Releve VALUES (170420220733500000275, TO_DATE('17-04-2022' , 'DD-MM-YYYY') ,0000007335)
/
INSERT INTO Mesure VALUES (17042022073350000027527501, 'Temperature', 21.3 ,170420220733500000275)
/
INSERT INTO Mesure VALUES (17042022073350000027527502, 'Pluviometrie',  0.0 ,170420220733500000275)
/
INSERT INTO Mesure VALUES (17042022073350000027527503, 'Vent', 8.28 ,170420220733500000275)
/
INSERT INTO Releve VALUES (170420228140500000276, TO_DATE('17-04-2022' , 'DD-MM-YYYY') ,0000081405)
/
INSERT INTO Mesure VALUES (17042022814050000027627601, 'Temperature', 29.4 ,170420228140500000276)
/
INSERT INTO Mesure VALUES (17042022814050000027627602, 'Pluviometrie',  -0.1 ,170420228140500000276)
/
INSERT INTO Mesure VALUES (17042022814050000027627603, 'Vent', 20.88 ,170420228140500000276)
/
INSERT INTO Releve VALUES (170420220731400000277, TO_DATE('17-04-2022' , 'DD-MM-YYYY') ,0000007314)
/
INSERT INTO Mesure VALUES (17042022073140000027727701, 'Temperature', 13.9 ,170420220731400000277)
/
INSERT INTO Mesure VALUES (17042022073140000027727702, 'Pluviometrie',  0.0 ,170420220731400000277)
/
INSERT INTO Mesure VALUES (17042022073140000027727703, 'Vent', 19.8 ,170420220731400000277)
/
INSERT INTO Releve VALUES (170420226198000000278, TO_DATE('17-04-2022' , 'DD-MM-YYYY') ,0000061980)
/
INSERT INTO Mesure VALUES (17042022619800000027827801, 'Temperature', 24.4 ,170420226198000000278)
/
INSERT INTO Mesure VALUES (17042022619800000027827802, 'Pluviometrie',  3.2 ,170420226198000000278)
/
INSERT INTO Mesure VALUES (17042022619800000027827803, 'Vent', 27.0 ,170420226198000000278)
/
INSERT INTO Releve VALUES (170420220707200000279, TO_DATE('17-04-2022' , 'DD-MM-YYYY') ,0000007072)
/
INSERT INTO Mesure VALUES (17042022070720000027927901, 'Temperature', 3.4 ,170420220707200000279)
/
INSERT INTO Mesure VALUES (17042022070720000027927902, 'Pluviometrie',  0.0 ,170420220707200000279)
/
INSERT INTO Mesure VALUES (17042022070720000027927903, 'Vent', 10.44 ,170420220707200000279)
/
INSERT INTO Mesure VALUES (17042022070720000027927904, 'Ensoleillement', 2427 ,170420220707200000279)
/
INSERT INTO Releve VALUES (170420220725500000280, TO_DATE('17-04-2022' , 'DD-MM-YYYY') ,0000007255)
/
INSERT INTO Mesure VALUES (17042022072550000028028001, 'Temperature', 8.5 ,170420220725500000280)
/
INSERT INTO Mesure VALUES (17042022072550000028028002, 'Pluviometrie',  0.0 ,170420220725500000280)
/
INSERT INTO Mesure VALUES (17042022072550000028028003, 'Vent', 9.0 ,170420220725500000280)
/
INSERT INTO Releve VALUES (170420220725500000281, TO_DATE('17-04-2022' , 'DD-MM-YYYY') ,0000007255)
/
INSERT INTO Mesure VALUES (17042022072550000028128101, 'Temperature', 7.6 ,170420220725500000281)
/
INSERT INTO Mesure VALUES (17042022072550000028128102, 'Pluviometrie',  0.0 ,170420220725500000281)
/
INSERT INTO Mesure VALUES (17042022072550000028128103, 'Vent', 7.2 ,170420220725500000281)
/
INSERT INTO Releve VALUES (170420220762100000282, TO_DATE('17-04-2022' , 'DD-MM-YYYY') ,0000007621)
/
INSERT INTO Mesure VALUES (17042022076210000028228201, 'Temperature', 7.7 ,170420220762100000282)
/
INSERT INTO Mesure VALUES (17042022076210000028228202, 'Pluviometrie',  0.0 ,170420220762100000282)
/
INSERT INTO Mesure VALUES (17042022076210000028228203, 'Vent', 5.04 ,170420220762100000282)
/
INSERT INTO Mesure VALUES (17042022076210000028228204, 'Ensoleillement', 2261 ,170420220762100000282)
/
INSERT INTO Releve VALUES (170420220728000000283, TO_DATE('17-04-2022' , 'DD-MM-YYYY') ,0000007280)
/
INSERT INTO Mesure VALUES (17042022072800000028328301, 'Temperature', 12.6 ,170420220728000000283)
/
INSERT INTO Mesure VALUES (17042022072800000028328302, 'Pluviometrie',  0.0 ,170420220728000000283)
/
INSERT INTO Mesure VALUES (17042022072800000028328303, 'Vent', 22.68 ,170420220728000000283)
/
INSERT INTO Mesure VALUES (17042022072800000028328304, 'Ensoleillement', 2140 ,170420220728000000283)
/
INSERT INTO Releve VALUES (170420220766100000284, TO_DATE('17-04-2022' , 'DD-MM-YYYY') ,0000007661)
/
INSERT INTO Mesure VALUES (17042022076610000028428403, 'Vent', 14.76 ,170420220766100000284)
/
INSERT INTO Releve VALUES (170420228140100000285, TO_DATE('17-04-2022' , 'DD-MM-YYYY') ,0000081401)
/
INSERT INTO Mesure VALUES (17042022814010000028528501, 'Temperature', 28.1 ,170420228140100000285)
/
INSERT INTO Mesure VALUES (17042022814010000028528502, 'Pluviometrie',  0.2 ,170420228140100000285)
/
INSERT INTO Mesure VALUES (17042022814010000028528503, 'Vent', 7.2 ,170420228140100000285)
/
INSERT INTO Mesure VALUES (17042022814010000028528504, 'Ensoleillement', 1687 ,170420228140100000285)
/
INSERT INTO Releve VALUES (170420220701500000286, TO_DATE('17-04-2022' , 'DD-MM-YYYY') ,0000007015)
/
INSERT INTO Mesure VALUES (17042022070150000028628601, 'Temperature', 20.4 ,170420220701500000286)
/
INSERT INTO Mesure VALUES (17042022070150000028628602, 'Pluviometrie',  0.0 ,170420220701500000286)
/
INSERT INTO Mesure VALUES (17042022070150000028628603, 'Vent', 13.68 ,170420220701500000286)
/
INSERT INTO Mesure VALUES (17042022070150000028628604, 'Ensoleillement', 2418 ,170420220701500000286)
/
INSERT INTO Releve VALUES (170420220713000000287, TO_DATE('17-04-2022' , 'DD-MM-YYYY') ,0000007130)
/
INSERT INTO Mesure VALUES (17042022071300000028728701, 'Temperature', 19.8 ,170420220713000000287)
/
INSERT INTO Mesure VALUES (17042022071300000028728702, 'Pluviometrie',  0.0 ,170420220713000000287)
/
INSERT INTO Mesure VALUES (17042022071300000028728703, 'Vent', 3.6 ,170420220713000000287)
/
INSERT INTO Mesure VALUES (17042022071300000028728704, 'Ensoleillement', 2475 ,170420220713000000287)
/
INSERT INTO Releve VALUES (170420220722200000288, TO_DATE('17-04-2022' , 'DD-MM-YYYY') ,0000007222)
/
INSERT INTO Mesure VALUES (17042022072220000028828801, 'Temperature', 17.4 ,170420220722200000288)
/
INSERT INTO Mesure VALUES (17042022072220000028828802, 'Pluviometrie',  0.0 ,170420220722200000288)
/
INSERT INTO Mesure VALUES (17042022072220000028828803, 'Vent', 13.32 ,170420220722200000288)
/
INSERT INTO Mesure VALUES (17042022072220000028828804, 'Ensoleillement', 2265 ,170420220722200000288)
/
INSERT INTO Releve VALUES (170420220779000000289, TO_DATE('17-04-2022' , 'DD-MM-YYYY') ,0000007790)
/
INSERT INTO Mesure VALUES (17042022077900000028928901, 'Temperature', 13.7 ,170420220779000000289)
/
INSERT INTO Mesure VALUES (17042022077900000028928902, 'Pluviometrie',  0.0 ,170420220779000000289)
/
INSERT INTO Mesure VALUES (17042022077900000028928903, 'Vent', 6.84 ,170420220779000000289)
/
INSERT INTO Releve VALUES (170420220725500000290, TO_DATE('17-04-2022' , 'DD-MM-YYYY') ,0000007255)
/
INSERT INTO Mesure VALUES (17042022072550000029029001, 'Temperature', 11.2 ,170420220725500000290)
/
INSERT INTO Mesure VALUES (17042022072550000029029002, 'Pluviometrie',  0.0 ,170420220725500000290)
/
INSERT INTO Mesure VALUES (17042022072550000029029003, 'Vent', 14.4 ,170420220725500000290)
/
INSERT INTO Mesure VALUES (17042022072550000029029004, 'Ensoleillement', 2155 ,170420220725500000290)
/
INSERT INTO Releve VALUES (170420220753500000291, TO_DATE('17-04-2022' , 'DD-MM-YYYY') ,0000007535)
/
INSERT INTO Mesure VALUES (17042022075350000029129101, 'Temperature', 9.1 ,170420220753500000291)
/
INSERT INTO Mesure VALUES (17042022075350000029129102, 'Pluviometrie',  0.0 ,170420220753500000291)
/
INSERT INTO Mesure VALUES (17042022075350000029129103, 'Vent', 2.88 ,170420220753500000291)
/
INSERT INTO Mesure VALUES (17042022075350000029129104, 'Ensoleillement', 2085 ,170420220753500000291)
/
INSERT INTO Releve VALUES (170420220714900000292, TO_DATE('17-04-2022' , 'DD-MM-YYYY') ,0000007149)
/
INSERT INTO Mesure VALUES (17042022071490000029229201, 'Temperature', 8.7 ,170420220714900000292)
/
INSERT INTO Mesure VALUES (17042022071490000029229202, 'Pluviometrie',  0.0 ,170420220714900000292)
/
INSERT INTO Mesure VALUES (17042022071490000029229203, 'Vent', 9.72 ,170420220714900000292)
/
INSERT INTO Releve VALUES (170420220753500000293, TO_DATE('17-04-2022' , 'DD-MM-YYYY') ,0000007535)
/
INSERT INTO Mesure VALUES (17042022075350000029329301, 'Temperature', 5.9 ,170420220753500000293)
/
INSERT INTO Mesure VALUES (17042022075350000029329302, 'Pluviometrie',  0.0 ,170420220753500000293)
/
INSERT INTO Mesure VALUES (17042022075350000029329303, 'Vent', 6.12 ,170420220753500000293)
/
INSERT INTO Mesure VALUES (17042022075350000029329304, 'Ensoleillement', 2272 ,170420220753500000293)
/
INSERT INTO Releve VALUES (170420220762100000294, TO_DATE('17-04-2022' , 'DD-MM-YYYY') ,0000007621)
/
INSERT INTO Mesure VALUES (17042022076210000029429401, 'Temperature', 8.0 ,170420220762100000294)
/
INSERT INTO Mesure VALUES (17042022076210000029429402, 'Pluviometrie',  0.0 ,170420220762100000294)
/
INSERT INTO Mesure VALUES (17042022076210000029429403, 'Vent', 10.8 ,170420220762100000294)
/
INSERT INTO Mesure VALUES (17042022076210000029429404, 'Ensoleillement', 2314 ,170420220762100000294)
/
INSERT INTO Releve VALUES (170420220728000000295, TO_DATE('17-04-2022' , 'DD-MM-YYYY') ,0000007280)
/
INSERT INTO Mesure VALUES (17042022072800000029529501, 'Temperature', 6.1 ,170420220728000000295)
/
INSERT INTO Mesure VALUES (17042022072800000029529502, 'Pluviometrie',  0.0 ,170420220728000000295)
/
INSERT INTO Mesure VALUES (17042022072800000029529503, 'Vent', 11.52 ,170420220728000000295)
/
INSERT INTO Releve VALUES (170420220746000000296, TO_DATE('17-04-2022' , 'DD-MM-YYYY') ,0000007460)
/
INSERT INTO Mesure VALUES (17042022074600000029629601, 'Temperature', 8.3 ,170420220746000000296)
/
INSERT INTO Mesure VALUES (17042022074600000029629602, 'Pluviometrie',  0.0 ,170420220746000000296)
/
INSERT INTO Mesure VALUES (17042022074600000029629603, 'Vent', 6.84 ,170420220746000000296)
/
INSERT INTO Mesure VALUES (17042022074600000029629604, 'Ensoleillement', 2098 ,170420220746000000296)
/
INSERT INTO Releve VALUES (170420220766100000297, TO_DATE('17-04-2022' , 'DD-MM-YYYY') ,0000007661)
/
INSERT INTO Mesure VALUES (17042022076610000029729703, 'Vent', 27.72 ,170420220766100000297)
/
INSERT INTO Mesure VALUES (17042022076610000029729704, 'Ensoleillement', 1582 ,170420220766100000297)
/
INSERT INTO Releve VALUES (170420228140800000298, TO_DATE('17-04-2022' , 'DD-MM-YYYY') ,0000081408)
/
INSERT INTO Mesure VALUES (17042022814080000029829801, 'Temperature', 22.6 ,170420228140800000298)
/
INSERT INTO Mesure VALUES (17042022814080000029829802, 'Pluviometrie',  0.0 ,170420228140800000298)
/
INSERT INTO Mesure VALUES (17042022814080000029829803, 'Vent', 0.0 ,170420228140800000298)
/
INSERT INTO Mesure VALUES (17042022814080000029829804, 'Ensoleillement', 1444 ,170420228140800000298)
/
INSERT INTO Releve VALUES (170420220713000000299, TO_DATE('17-04-2022' , 'DD-MM-YYYY') ,0000007130)
/
INSERT INTO Mesure VALUES (17042022071300000029929901, 'Temperature', 18.3 ,170420220713000000299)
/
INSERT INTO Mesure VALUES (17042022071300000029929902, 'Pluviometrie',  0.0 ,170420220713000000299)
/
INSERT INTO Mesure VALUES (17042022071300000029929903, 'Vent', 7.56 ,170420220713000000299)
/
INSERT INTO Mesure VALUES (17042022071300000029929904, 'Ensoleillement', 2025 ,170420220713000000299)
/
INSERT INTO Releve VALUES (170420220718100000300, TO_DATE('17-04-2022' , 'DD-MM-YYYY') ,0000007181)
/
INSERT INTO Mesure VALUES (17042022071810000030030001, 'Temperature', 16.3 ,170420220718100000300)
/
INSERT INTO Mesure VALUES (17042022071810000030030002, 'Pluviometrie',  0.0 ,170420220718100000300)
/
INSERT INTO Mesure VALUES (17042022071810000030030003, 'Vent', 21.96 ,170420220718100000300)
/
INSERT INTO Mesure VALUES (17042022071810000030030004, 'Ensoleillement', 2236 ,170420220718100000300)
/
INSERT INTO Releve VALUES (170420220762100000301, TO_DATE('17-04-2022' , 'DD-MM-YYYY') ,0000007621)
/
INSERT INTO Mesure VALUES (17042022076210000030130101, 'Temperature', 19.5 ,170420220762100000301)
/
INSERT INTO Mesure VALUES (17042022076210000030130102, 'Pluviometrie',  0.0 ,170420220762100000301)
/
INSERT INTO Mesure VALUES (17042022076210000030130103, 'Vent', 16.2 ,170420220762100000301)
/
INSERT INTO Mesure VALUES (17042022076210000030130104, 'Ensoleillement', 2151 ,170420220762100000301)
/
INSERT INTO Releve VALUES (170420226197600000302, TO_DATE('17-04-2022' , 'DD-MM-YYYY') ,0000061976)
/
INSERT INTO Mesure VALUES (17042022619760000030230201, 'Temperature', 27.1 ,170420226197600000302)
/
INSERT INTO Mesure VALUES (17042022619760000030230202, 'Pluviometrie',  0.8 ,170420226197600000302)
/
INSERT INTO Releve VALUES (170420227889400000303, TO_DATE('17-04-2022' , 'DD-MM-YYYY') ,0000078894)
/
INSERT INTO Mesure VALUES (17042022788940000030330301, 'Temperature', 28.6 ,170420227889400000303)
/
INSERT INTO Mesure VALUES (17042022788940000030330302, 'Pluviometrie',  0.0 ,170420227889400000303)
/
INSERT INTO Mesure VALUES (17042022788940000030330303, 'Vent', 18.72 ,170420227889400000303)
/
INSERT INTO Releve VALUES (170420220716800000304, TO_DATE('17-04-2022' , 'DD-MM-YYYY') ,0000007168)
/
INSERT INTO Mesure VALUES (17042022071680000030430401, 'Temperature', 17.8 ,170420220716800000304)
/
INSERT INTO Mesure VALUES (17042022071680000030430402, 'Pluviometrie',  0.0 ,170420220716800000304)
/
INSERT INTO Mesure VALUES (17042022071680000030430403, 'Vent', 13.68 ,170420220716800000304)
/
INSERT INTO Releve VALUES (170420220769000000305, TO_DATE('17-04-2022' , 'DD-MM-YYYY') ,0000007690)
/
INSERT INTO Mesure VALUES (17042022076900000030530501, 'Temperature', 16.3 ,170420220769000000305)
/
INSERT INTO Mesure VALUES (17042022076900000030530502, 'Pluviometrie',  0.0 ,170420220769000000305)
/
INSERT INTO Mesure VALUES (17042022076900000030530503, 'Vent', 11.88 ,170420220769000000305)
/
INSERT INTO Mesure VALUES (17042022076900000030530504, 'Ensoleillement', 2436 ,170420220769000000305)
/
INSERT INTO Releve VALUES (170420220769000000306, TO_DATE('17-04-2022' , 'DD-MM-YYYY') ,0000007690)
/
INSERT INTO Mesure VALUES (17042022076900000030630601, 'Temperature', 16.4 ,170420220769000000306)
/
INSERT INTO Mesure VALUES (17042022076900000030630602, 'Pluviometrie',  0.0 ,170420220769000000306)
/
INSERT INTO Mesure VALUES (17042022076900000030630603, 'Vent', 32.04 ,170420220769000000306)
/
INSERT INTO Releve VALUES (170420226197600000307, TO_DATE('17-04-2022' , 'DD-MM-YYYY') ,0000061976)
/
INSERT INTO Mesure VALUES (17042022619760000030730701, 'Temperature', 27.7 ,170420226197600000307)
/
INSERT INTO Mesure VALUES (17042022619760000030730702, 'Pluviometrie',  0.0 ,170420226197600000307)
/
INSERT INTO Releve VALUES (170420220714900000308, TO_DATE('17-04-2022' , 'DD-MM-YYYY') ,0000007149)
/
INSERT INTO Mesure VALUES (17042022071490000030830801, 'Temperature', 8.5 ,170420220714900000308)
/
INSERT INTO Mesure VALUES (17042022071490000030830802, 'Pluviometrie',  0.0 ,170420220714900000308)
/
INSERT INTO Mesure VALUES (17042022071490000030830803, 'Vent', 9.72 ,170420220714900000308)
/
INSERT INTO Releve VALUES (170420227180500000309, TO_DATE('17-04-2022' , 'DD-MM-YYYY') ,0000071805)
/
INSERT INTO Mesure VALUES (17042022718050000030930901, 'Temperature', 3.0 ,170420227180500000309)
/
INSERT INTO Mesure VALUES (17042022718050000030930902, 'Pluviometrie',  0.0 ,170420227180500000309)
/
INSERT INTO Mesure VALUES (17042022718050000030930903, 'Vent', 9.72 ,170420227180500000309)
/
INSERT INTO Mesure VALUES (17042022718050000030930904, 'Ensoleillement', 2338 ,170420227180500000309)
/
INSERT INTO Releve VALUES (170420220763000000310, TO_DATE('17-04-2022' , 'DD-MM-YYYY') ,0000007630)
/
INSERT INTO Mesure VALUES (17042022076300000031031001, 'Temperature', 15.9 ,170420220763000000310)
/
INSERT INTO Mesure VALUES (17042022076300000031031002, 'Pluviometrie',  0.0 ,170420220763000000310)
/
INSERT INTO Mesure VALUES (17042022076300000031031003, 'Vent', 9.36 ,170420220763000000310)
/
INSERT INTO Mesure VALUES (17042022076300000031031004, 'Ensoleillement', 2311 ,170420220763000000310)
/
INSERT INTO Releve VALUES (170420220779000000311, TO_DATE('17-04-2022' , 'DD-MM-YYYY') ,0000007790)
/
INSERT INTO Mesure VALUES (17042022077900000031131101, 'Temperature', 15.2 ,170420220779000000311)
/
INSERT INTO Mesure VALUES (17042022077900000031131102, 'Pluviometrie',  0.0 ,170420220779000000311)
/
INSERT INTO Mesure VALUES (17042022077900000031131103, 'Vent', 28.8 ,170420220779000000311)
/
INSERT INTO Releve VALUES (170420220711700000312, TO_DATE('17-04-2022' , 'DD-MM-YYYY') ,0000007117)
/
INSERT INTO Mesure VALUES (17042022071170000031231201, 'Temperature', 18.4 ,170420220711700000312)
/
INSERT INTO Mesure VALUES (17042022071170000031231202, 'Pluviometrie',  0.0 ,170420220711700000312)
/
INSERT INTO Mesure VALUES (17042022071170000031231203, 'Vent', 8.64 ,170420220711700000312)
/
INSERT INTO Mesure VALUES (17042022071170000031231204, 'Ensoleillement', 1436 ,170420220711700000312)
/
INSERT INTO Releve VALUES (170420220774700000313, TO_DATE('17-04-2022' , 'DD-MM-YYYY') ,0000007747)
/
INSERT INTO Mesure VALUES (17042022077470000031331301, 'Temperature', 20.2 ,170420220774700000313)
/
INSERT INTO Mesure VALUES (17042022077470000031331302, 'Pluviometrie',  0.0 ,170420220774700000313)
/
INSERT INTO Mesure VALUES (17042022077470000031331303, 'Vent', 15.48 ,170420220774700000313)
/
INSERT INTO Releve VALUES (170420220765000000314, TO_DATE('17-04-2022' , 'DD-MM-YYYY') ,0000007650)
/
INSERT INTO Mesure VALUES (17042022076500000031431401, 'Temperature', 17.0 ,170420220765000000314)
/
INSERT INTO Mesure VALUES (17042022076500000031431402, 'Pluviometrie',  0.0 ,170420220765000000314)
/
INSERT INTO Mesure VALUES (17042022076500000031431403, 'Vent', 8.64 ,170420220765000000314)
/
INSERT INTO Releve VALUES (170420226197600000315, TO_DATE('17-04-2022' , 'DD-MM-YYYY') ,0000061976)
/
INSERT INTO Mesure VALUES (17042022619760000031531501, 'Temperature', 27.3 ,170420226197600000315)
/
INSERT INTO Mesure VALUES (17042022619760000031531502, 'Pluviometrie',  0.0 ,170420226197600000315)
/
INSERT INTO Releve VALUES (170420226199800000316, TO_DATE('17-04-2022' , 'DD-MM-YYYY') ,0000061998)
/
INSERT INTO Mesure VALUES (17042022619980000031631601, 'Temperature', 4.7 ,170420226199800000316)
/
INSERT INTO Mesure VALUES (17042022619980000031631603, 'Vent', 24.12 ,170420226199800000316)
/
INSERT INTO Mesure VALUES (17042022619980000031631604, 'Ensoleillement', 2460 ,170420226199800000316)
/
INSERT INTO Releve VALUES (170420220720700000317, TO_DATE('17-04-2022' , 'DD-MM-YYYY') ,0000007207)
/
INSERT INTO Mesure VALUES (17042022072070000031731701, 'Temperature', 14.1 ,170420220720700000317)
/
INSERT INTO Mesure VALUES (17042022072070000031731702, 'Pluviometrie',  0.0 ,170420220720700000317)
/
INSERT INTO Mesure VALUES (17042022072070000031731703, 'Vent', 22.32 ,170420220720700000317)
/
INSERT INTO Releve VALUES (170420220729900000318, TO_DATE('17-04-2022' , 'DD-MM-YYYY') ,0000007299)
/
INSERT INTO Mesure VALUES (17042022072990000031831801, 'Temperature', 7.3 ,170420220729900000318)
/
INSERT INTO Mesure VALUES (17042022072990000031831802, 'Pluviometrie',  0.0 ,170420220729900000318)
/
INSERT INTO Mesure VALUES (17042022072990000031831803, 'Vent', 6.48 ,170420220729900000318)
/
INSERT INTO Releve VALUES (170420220722200000319, TO_DATE('17-04-2022' , 'DD-MM-YYYY') ,0000007222)
/
INSERT INTO Mesure VALUES (17042022072220000031931901, 'Temperature', 9.0 ,170420220722200000319)
/
INSERT INTO Mesure VALUES (17042022072220000031931902, 'Pluviometrie',  0.0 ,170420220722200000319)
/
INSERT INTO Mesure VALUES (17042022072220000031931903, 'Vent', 3.6 ,170420220722200000319)
/
INSERT INTO Mesure VALUES (17042022072220000031931904, 'Ensoleillement', 1588 ,170420220722200000319)
/
INSERT INTO Releve VALUES (170420220747100000320, TO_DATE('17-04-2022' , 'DD-MM-YYYY') ,0000007471)
/
INSERT INTO Mesure VALUES (17042022074710000032032001, 'Temperature', 12.0 ,170420220747100000320)
/
INSERT INTO Mesure VALUES (17042022074710000032032002, 'Pluviometrie',  0.0 ,170420220747100000320)
/
INSERT INTO Mesure VALUES (17042022074710000032032003, 'Vent', 3.6 ,170420220747100000320)
/
INSERT INTO Mesure VALUES (17042022074710000032032004, 'Ensoleillement', 1889 ,170420220747100000320)
/
INSERT INTO Releve VALUES (170420220762100000321, TO_DATE('17-04-2022' , 'DD-MM-YYYY') ,0000007621)
/
INSERT INTO Mesure VALUES (17042022076210000032132101, 'Temperature', 15.5 ,170420220762100000321)
/
INSERT INTO Mesure VALUES (17042022076210000032132102, 'Pluviometrie',  0.0 ,170420220762100000321)
/
INSERT INTO Mesure VALUES (17042022076210000032132103, 'Vent', 12.24 ,170420220762100000321)
/
INSERT INTO Releve VALUES (170420227889400000322, TO_DATE('17-04-2022' , 'DD-MM-YYYY') ,0000078894)
/
INSERT INTO Mesure VALUES (17042022788940000032232201, 'Temperature', 24.9 ,170420227889400000322)
/
INSERT INTO Mesure VALUES (17042022788940000032232202, 'Pluviometrie',  0.4 ,170420227889400000322)
/
INSERT INTO Mesure VALUES (17042022788940000032232203, 'Vent', 16.2 ,170420227889400000322)
/
INSERT INTO Mesure VALUES (17042022788940000032232204, 'Ensoleillement', 1671 ,170420227889400000322)
/
INSERT INTO Releve VALUES (170420220748100000323, TO_DATE('17-04-2022' , 'DD-MM-YYYY') ,0000007481)
/
INSERT INTO Mesure VALUES (17042022074810000032332301, 'Temperature', 16.0 ,170420220748100000323)
/
INSERT INTO Mesure VALUES (17042022074810000032332302, 'Pluviometrie',  0.0 ,170420220748100000323)
/
INSERT INTO Mesure VALUES (17042022074810000032332303, 'Vent', 11.52 ,170420220748100000323)
/
INSERT INTO Mesure VALUES (17042022074810000032332304, 'Ensoleillement', 2027 ,170420220748100000323)
/
INSERT INTO Releve VALUES (170420220762700000324, TO_DATE('17-04-2022' , 'DD-MM-YYYY') ,0000007627)
/
INSERT INTO Mesure VALUES (17042022076270000032432401, 'Temperature', 21.1 ,170420220762700000324)
/
INSERT INTO Mesure VALUES (17042022076270000032432402, 'Pluviometrie',  0.0 ,170420220762700000324)
/
INSERT INTO Mesure VALUES (17042022076270000032432403, 'Vent', 13.32 ,170420220762700000324)
/
INSERT INTO Releve VALUES (170420227889400000325, TO_DATE('17-04-2022' , 'DD-MM-YYYY') ,0000078894)
/
INSERT INTO Mesure VALUES (17042022788940000032532501, 'Temperature', 26.7 ,170420227889400000325)
/
INSERT INTO Mesure VALUES (17042022788940000032532502, 'Pluviometrie',  0.0 ,170420227889400000325)
/
INSERT INTO Mesure VALUES (17042022788940000032532503, 'Vent', 14.76 ,170420227889400000325)
/
INSERT INTO Releve VALUES (170420228140500000326, TO_DATE('17-04-2022' , 'DD-MM-YYYY') ,0000081405)
/
INSERT INTO Mesure VALUES (17042022814050000032632601, 'Temperature', 27.9 ,170420228140500000326)
/
INSERT INTO Mesure VALUES (17042022814050000032632602, 'Pluviometrie',  0.2 ,170420228140500000326)
/
INSERT INTO Mesure VALUES (17042022814050000032632603, 'Vent', 21.6 ,170420228140500000326)
/
INSERT INTO Releve VALUES (170420220759100000327, TO_DATE('17-04-2022' , 'DD-MM-YYYY') ,0000007591)
/
INSERT INTO Mesure VALUES (17042022075910000032732701, 'Temperature', 19.7 ,170420220759100000327)
/
INSERT INTO Mesure VALUES (17042022075910000032732702, 'Pluviometrie',  0.0 ,170420220759100000327)
/
INSERT INTO Mesure VALUES (17042022075910000032732703, 'Vent', 20.16 ,170420220759100000327)
/
INSERT INTO Releve VALUES (170420226197200000328, TO_DATE('17-04-2022' , 'DD-MM-YYYY') ,0000061972)
/
INSERT INTO Mesure VALUES (17042022619720000032832801, 'Temperature', 27.3 ,170420226197200000328)
/
INSERT INTO Mesure VALUES (17042022619720000032832802, 'Pluviometrie',  0.0 ,170420226197200000328)
/
INSERT INTO Mesure VALUES (17042022619720000032832803, 'Vent', 28.08 ,170420226197200000328)
/
INSERT INTO Mesure VALUES (17042022619720000032832804, 'Ensoleillement', 2063 ,170420226197200000328)
/
INSERT INTO Releve VALUES (170420220729900000329, TO_DATE('17-04-2022' , 'DD-MM-YYYY') ,0000007299)
/
INSERT INTO Mesure VALUES (17042022072990000032932901, 'Temperature', 15.1 ,170420220729900000329)
/
INSERT INTO Mesure VALUES (17042022072990000032932902, 'Pluviometrie',  0.0 ,170420220729900000329)
/
INSERT INTO Mesure VALUES (17042022072990000032932903, 'Vent', 25.2 ,170420220729900000329)
/
INSERT INTO Mesure VALUES (17042022072990000032932904, 'Ensoleillement', 2158 ,170420220729900000329)
/
INSERT INTO Releve VALUES (170420220700500000330, TO_DATE('17-04-2022' , 'DD-MM-YYYY') ,0000007005)
/
INSERT INTO Mesure VALUES (17042022070050000033033001, 'Temperature', 9.2 ,170420220700500000330)
/
INSERT INTO Mesure VALUES (17042022070050000033033002, 'Pluviometrie',  0.0 ,170420220700500000330)
/
INSERT INTO Mesure VALUES (17042022070050000033033003, 'Vent', 6.12 ,170420220700500000330)
/
INSERT INTO Mesure VALUES (17042022070050000033033004, 'Ensoleillement', 2174 ,170420220700500000330)
/
INSERT INTO Releve VALUES (170420220713000000331, TO_DATE('17-04-2022' , 'DD-MM-YYYY') ,0000007130)
/
INSERT INTO Mesure VALUES (17042022071300000033133101, 'Temperature', 9.6 ,170420220713000000331)
/
INSERT INTO Mesure VALUES (17042022071300000033133102, 'Pluviometrie',  0.0 ,170420220713000000331)
/
INSERT INTO Mesure VALUES (17042022071300000033133103, 'Vent', 2.52 ,170420220713000000331)
/
INSERT INTO Mesure VALUES (17042022071300000033133104, 'Ensoleillement', 2088 ,170420220713000000331)
/
INSERT INTO Releve VALUES (170420220733500000332, TO_DATE('17-04-2022' , 'DD-MM-YYYY') ,0000007335)
/
INSERT INTO Mesure VALUES (17042022073350000033233201, 'Temperature', 9.2 ,170420220733500000332)
/
INSERT INTO Mesure VALUES (17042022073350000033233202, 'Pluviometrie',  0.0 ,170420220733500000332)
/
INSERT INTO Mesure VALUES (17042022073350000033233203, 'Vent', 12.6 ,170420220733500000332)
/
INSERT INTO Releve VALUES (170420220748100000333, TO_DATE('17-04-2022' , 'DD-MM-YYYY') ,0000007481)
/
INSERT INTO Mesure VALUES (17042022074810000033333301, 'Temperature', 9.9 ,170420220748100000333)
/
INSERT INTO Mesure VALUES (17042022074810000033333302, 'Pluviometrie',  0.0 ,170420220748100000333)
/
INSERT INTO Mesure VALUES (17042022074810000033333303, 'Vent', 14.04 ,170420220748100000333)
/
INSERT INTO Mesure VALUES (17042022074810000033333304, 'Ensoleillement', 1538 ,170420220748100000333)
/
INSERT INTO Releve VALUES (170420220763000000334, TO_DATE('17-04-2022' , 'DD-MM-YYYY') ,0000007630)
/
INSERT INTO Mesure VALUES (17042022076300000033433401, 'Temperature', 14.5 ,170420220763000000334)
/
INSERT INTO Mesure VALUES (17042022076300000033433402, 'Pluviometrie',  0.0 ,170420220763000000334)
/
INSERT INTO Mesure VALUES (17042022076300000033433403, 'Vent', 21.24 ,170420220763000000334)
/
INSERT INTO Releve VALUES (170420227892500000335, TO_DATE('17-04-2022' , 'DD-MM-YYYY') ,0000078925)
/
INSERT INTO Mesure VALUES (17042022789250000033533501, 'Temperature', 26.2 ,170420227892500000335)
/
INSERT INTO Mesure VALUES (17042022789250000033533502, 'Pluviometrie',  0.0 ,170420227892500000335)
/
INSERT INTO Mesure VALUES (17042022789250000033533503, 'Vent', 24.12 ,170420227892500000335)
/
INSERT INTO Mesure VALUES (17042022789250000033533504, 'Ensoleillement', 1548 ,170420227892500000335)
/
INSERT INTO Releve VALUES (170420220703700000336, TO_DATE('17-04-2022' , 'DD-MM-YYYY') ,0000007037)
/
INSERT INTO Mesure VALUES (17042022070370000033633601, 'Temperature', 5.1 ,170420220703700000336)
/
INSERT INTO Mesure VALUES (17042022070370000033633602, 'Pluviometrie',  0.0 ,170420220703700000336)
/
INSERT INTO Mesure VALUES (17042022070370000033633603, 'Vent', 12.96 ,170420220703700000336)
/
INSERT INTO Releve VALUES (170420220759100000337, TO_DATE('17-04-2022' , 'DD-MM-YYYY') ,0000007591)
/
INSERT INTO Mesure VALUES (17042022075910000033733701, 'Temperature', 9.7 ,170420220759100000337)
/
INSERT INTO Mesure VALUES (17042022075910000033733702, 'Pluviometrie',  0.0 ,170420220759100000337)
/
INSERT INTO Mesure VALUES (17042022075910000033733703, 'Vent', 4.32 ,170420220759100000337)
/
INSERT INTO Mesure VALUES (17042022075910000033733704, 'Ensoleillement', 1900 ,170420220759100000337)
/
INSERT INTO Releve VALUES (170420227892200000338, TO_DATE('17-04-2022' , 'DD-MM-YYYY') ,0000078922)
/
INSERT INTO Mesure VALUES (17042022789220000033833801, 'Temperature', 26.2 ,170420227892200000338)
/
INSERT INTO Mesure VALUES (17042022789220000033833802, 'Pluviometrie',  0.0 ,170420227892200000338)
/
INSERT INTO Mesure VALUES (17042022789220000033833803, 'Vent', 31.32 ,170420227892200000338)
/
INSERT INTO Releve VALUES (170420220713000000339, TO_DATE('17-04-2022' , 'DD-MM-YYYY') ,0000007130)
/
INSERT INTO Mesure VALUES (17042022071300000033933901, 'Temperature', 6.6 ,170420220713000000339)
/
INSERT INTO Mesure VALUES (17042022071300000033933902, 'Pluviometrie',  0.0 ,170420220713000000339)
/
INSERT INTO Mesure VALUES (17042022071300000033933903, 'Vent', 3.24 ,170420220713000000339)
/
INSERT INTO Releve VALUES (170420220718100000340, TO_DATE('17-04-2022' , 'DD-MM-YYYY') ,0000007181)
/
INSERT INTO Mesure VALUES (17042022071810000034034001, 'Temperature', 11.7 ,170420220718100000340)
/
INSERT INTO Mesure VALUES (17042022071810000034034002, 'Pluviometrie',  0.0 ,170420220718100000340)
/
INSERT INTO Mesure VALUES (17042022071810000034034003, 'Vent', 24.48 ,170420220718100000340)
/
INSERT INTO Releve VALUES (170420220746000000341, TO_DATE('17-04-2022' , 'DD-MM-YYYY') ,0000007460)
/
INSERT INTO Mesure VALUES (17042022074600000034134101, 'Temperature', 12.0 ,170420220746000000341)
/
INSERT INTO Mesure VALUES (17042022074600000034134102, 'Pluviometrie',  0.0 ,170420220746000000341)
/
INSERT INTO Mesure VALUES (17042022074600000034134103, 'Vent', 10.08 ,170420220746000000341)
/
INSERT INTO Releve VALUES (170420220776100000342, TO_DATE('17-04-2022' , 'DD-MM-YYYY') ,0000007761)
/
INSERT INTO Mesure VALUES (17042022077610000034234201, 'Temperature', 19.3 ,170420220776100000342)
/
INSERT INTO Mesure VALUES (17042022077610000034234202, 'Pluviometrie',  0.0 ,170420220776100000342)
/
INSERT INTO Mesure VALUES (17042022077610000034234203, 'Vent', 10.8 ,170420220776100000342)
/
INSERT INTO Releve VALUES (170420227889000000343, TO_DATE('17-04-2022' , 'DD-MM-YYYY') ,0000078890)
/
INSERT INTO Mesure VALUES (17042022788900000034334301, 'Temperature', 24.5 ,170420227889000000343)
/
INSERT INTO Mesure VALUES (17042022788900000034334302, 'Pluviometrie',  0.0 ,170420227889000000343)
/
INSERT INTO Mesure VALUES (17042022788900000034334303, 'Vent', 38.52 ,170420227889000000343)
/
INSERT INTO Mesure VALUES (17042022788900000034334304, 'Ensoleillement', 1422 ,170420227889000000343)
/
INSERT INTO Releve VALUES (170420228140800000344, TO_DATE('17-04-2022' , 'DD-MM-YYYY') ,0000081408)
/
INSERT INTO Mesure VALUES (17042022814080000034434401, 'Temperature', 22.3 ,170420228140800000344)
/
INSERT INTO Mesure VALUES (17042022814080000034434402, 'Pluviometrie',  0.2 ,170420228140800000344)
/
INSERT INTO Mesure VALUES (17042022814080000034434403, 'Vent', 2.88 ,170420228140800000344)
/
INSERT INTO Mesure VALUES (17042022814080000034434404, 'Ensoleillement', 2112 ,170420228140800000344)
/
INSERT INTO Releve VALUES (170420220701500000345, TO_DATE('17-04-2022' , 'DD-MM-YYYY') ,0000007015)
/
INSERT INTO Mesure VALUES (17042022070150000034534501, 'Temperature', 17.0 ,170420220701500000345)
/
INSERT INTO Mesure VALUES (17042022070150000034534502, 'Pluviometrie',  0.0 ,170420220701500000345)
/
INSERT INTO Mesure VALUES (17042022070150000034534503, 'Vent', 14.76 ,170420220701500000345)
/
INSERT INTO Releve VALUES (170420220724000000346, TO_DATE('17-04-2022' , 'DD-MM-YYYY') ,0000007240)
/
INSERT INTO Mesure VALUES (17042022072400000034634601, 'Temperature', 17.9 ,170420220724000000346)
/
INSERT INTO Mesure VALUES (17042022072400000034634602, 'Pluviometrie',  0.0 ,170420220724000000346)
/
INSERT INTO Mesure VALUES (17042022072400000034634603, 'Vent', 11.52 ,170420220724000000346)
/
INSERT INTO Releve VALUES (170420220765000000347, TO_DATE('17-04-2022' , 'DD-MM-YYYY') ,0000007650)
/
INSERT INTO Mesure VALUES (17042022076500000034734701, 'Temperature', 20.6 ,170420220765000000347)
/
INSERT INTO Mesure VALUES (17042022076500000034734702, 'Pluviometrie',  0.0 ,170420220765000000347)
/
INSERT INTO Mesure VALUES (17042022076500000034734703, 'Vent', 14.76 ,170420220765000000347)
/
INSERT INTO Mesure VALUES (17042022076500000034734704, 'Ensoleillement', 2295 ,170420220765000000347)
/
INSERT INTO Releve VALUES (170420220714900000348, TO_DATE('17-04-2022' , 'DD-MM-YYYY') ,0000007149)
/
INSERT INTO Mesure VALUES (17042022071490000034834801, 'Temperature', 20.6 ,170420220714900000348)
/
INSERT INTO Mesure VALUES (17042022071490000034834802, 'Pluviometrie',  0.0 ,170420220714900000348)
/
INSERT INTO Mesure VALUES (17042022071490000034834803, 'Vent', 19.08 ,170420220714900000348)
/
INSERT INTO Mesure VALUES (17042022071490000034834804, 'Ensoleillement', 1567 ,170420220714900000348)
/
INSERT INTO Releve VALUES (170420220757700000349, TO_DATE('17-04-2022' , 'DD-MM-YYYY') ,0000007577)
/
INSERT INTO Mesure VALUES (17042022075770000034934901, 'Temperature', 20.7 ,170420220757700000349)
/
INSERT INTO Mesure VALUES (17042022075770000034934902, 'Pluviometrie',  0.0 ,170420220757700000349)
/
INSERT INTO Mesure VALUES (17042022075770000034934903, 'Vent', 17.64 ,170420220757700000349)
/
INSERT INTO Mesure VALUES (17042022075770000034934904, 'Ensoleillement', 2395 ,170420220757700000349)
/
INSERT INTO Releve VALUES (170420228140800000350, TO_DATE('17-04-2022' , 'DD-MM-YYYY') ,0000081408)
/
INSERT INTO Mesure VALUES (17042022814080000035035001, 'Temperature', 25.0 ,170420228140800000350)
/
INSERT INTO Mesure VALUES (17042022814080000035035002, 'Pluviometrie',  0.0 ,170420228140800000350)
/
INSERT INTO Mesure VALUES (17042022814080000035035003, 'Vent', 2.88 ,170420228140800000350)
/
INSERT INTO Mesure VALUES (17042022814080000035035004, 'Ensoleillement', 2224 ,170420228140800000350)
/
INSERT INTO Releve VALUES (170420220711000000351, TO_DATE('17-04-2022' , 'DD-MM-YYYY') ,0000007110)
/
INSERT INTO Mesure VALUES (17042022071100000035135101, 'Temperature', 8.6 ,170420220711000000351)
/
INSERT INTO Mesure VALUES (17042022071100000035135102, 'Pluviometrie',  0.0 ,170420220711000000351)
/
INSERT INTO Mesure VALUES (17042022071100000035135103, 'Vent', 10.08 ,170420220711000000351)
/
INSERT INTO Releve VALUES (170420220713000000352, TO_DATE('17-04-2022' , 'DD-MM-YYYY') ,0000007130)
/
INSERT INTO Mesure VALUES (17042022071300000035235201, 'Temperature', 8.4 ,170420220713000000352)
/
INSERT INTO Mesure VALUES (17042022071300000035235202, 'Pluviometrie',  0.0 ,170420220713000000352)
/
INSERT INTO Mesure VALUES (17042022071300000035235203, 'Vent', 0.0 ,170420220713000000352)
/
INSERT INTO Mesure VALUES (17042022071300000035235204, 'Ensoleillement', 2438 ,170420220713000000352)
/
INSERT INTO Releve VALUES (170420220763000000353, TO_DATE('17-04-2022' , 'DD-MM-YYYY') ,0000007630)
/
INSERT INTO Mesure VALUES (17042022076300000035335301, 'Temperature', 12.0 ,170420220763000000353)
/
INSERT INTO Mesure VALUES (17042022076300000035335302, 'Pluviometrie',  0.0 ,170420220763000000353)
/
INSERT INTO Mesure VALUES (17042022076300000035335303, 'Vent', 5.04 ,170420220763000000353)
/
INSERT INTO Releve VALUES (170420220755800000354, TO_DATE('17-04-2022' , 'DD-MM-YYYY') ,0000007558)
/
INSERT INTO Mesure VALUES (17042022075580000035435401, 'Temperature', 7.5 ,170420220755800000354)
/
INSERT INTO Mesure VALUES (17042022075580000035435402, 'Pluviometrie',  0.0 ,170420220755800000354)
/
INSERT INTO Mesure VALUES (17042022075580000035435403, 'Vent', 10.44 ,170420220755800000354)
/
INSERT INTO Releve VALUES (170420220759100000355, TO_DATE('17-04-2022' , 'DD-MM-YYYY') ,0000007591)
/
INSERT INTO Mesure VALUES (17042022075910000035535501, 'Temperature', 7.8 ,170420220759100000355)
/
INSERT INTO Mesure VALUES (17042022075910000035535502, 'Pluviometrie',  0.0 ,170420220759100000355)
/
INSERT INTO Mesure VALUES (17042022075910000035535503, 'Vent', 6.12 ,170420220759100000355)
/
INSERT INTO Releve VALUES (170420226199800000356, TO_DATE('17-04-2022' , 'DD-MM-YYYY') ,0000061998)
/
INSERT INTO Mesure VALUES (17042022619980000035635601, 'Temperature', 6.2 ,170420226199800000356)
/
INSERT INTO Mesure VALUES (17042022619980000035635603, 'Vent', 40.68 ,170420226199800000356)
/
INSERT INTO Releve VALUES (170420227180500000357, TO_DATE('17-04-2022' , 'DD-MM-YYYY') ,0000071805)
/
INSERT INTO Mesure VALUES (17042022718050000035735701, 'Temperature', 2.7 ,170420227180500000357)
/
INSERT INTO Mesure VALUES (17042022718050000035735702, 'Pluviometrie',  0.0 ,170420227180500000357)
/
INSERT INTO Mesure VALUES (17042022718050000035735703, 'Vent', 3.6 ,170420227180500000357)
/
INSERT INTO Releve VALUES (170420220722200000358, TO_DATE('17-04-2022' , 'DD-MM-YYYY') ,0000007222)
/
INSERT INTO Mesure VALUES (17042022072220000035835801, 'Temperature', 19.9 ,170420220722200000358)
/
INSERT INTO Mesure VALUES (17042022072220000035835802, 'Pluviometrie',  0.0 ,170420220722200000358)
/
INSERT INTO Mesure VALUES (17042022072220000035835803, 'Vent', 8.64 ,170420220722200000358)
/
INSERT INTO Mesure VALUES (17042022072220000035835804, 'Ensoleillement', 1632 ,170420220722200000358)
/
INSERT INTO Releve VALUES (170420220743400000359, TO_DATE('17-04-2022' , 'DD-MM-YYYY') ,0000007434)
/
INSERT INTO Mesure VALUES (17042022074340000035935901, 'Temperature', 11.7 ,170420220743400000359)
/
INSERT INTO Mesure VALUES (17042022074340000035935902, 'Pluviometrie',  0.0 ,170420220743400000359)
/
INSERT INTO Mesure VALUES (17042022074340000035935903, 'Vent', 12.96 ,170420220743400000359)
/
INSERT INTO Releve VALUES (170420220747100000360, TO_DATE('17-04-2022' , 'DD-MM-YYYY') ,0000007471)
/
INSERT INTO Mesure VALUES (17042022074710000036036001, 'Temperature', 1.3 ,170420220747100000360)
/
INSERT INTO Mesure VALUES (17042022074710000036036002, 'Pluviometrie',  0.0 ,170420220747100000360)
/
INSERT INTO Mesure VALUES (17042022074710000036036003, 'Vent', 3.24 ,170420220747100000360)
/
INSERT INTO Releve VALUES (170420220776100000361, TO_DATE('17-04-2022' , 'DD-MM-YYYY') ,0000007761)
/
INSERT INTO Mesure VALUES (17042022077610000036136101, 'Temperature', 14.9 ,170420220776100000361)
/
INSERT INTO Mesure VALUES (17042022077610000036136102, 'Pluviometrie',  0.0 ,170420220776100000361)
/
INSERT INTO Mesure VALUES (17042022077610000036136103, 'Vent', 9.72 ,170420220776100000361)
/
INSERT INTO Mesure VALUES (17042022077610000036136104, 'Ensoleillement', 1413 ,170420220776100000361)
/
INSERT INTO Releve VALUES (170420228140500000362, TO_DATE('17-04-2022' , 'DD-MM-YYYY') ,0000081405)
/
INSERT INTO Mesure VALUES (17042022814050000036236201, 'Temperature', 24.1 ,170420228140500000362)
/
INSERT INTO Mesure VALUES (17042022814050000036236202, 'Pluviometrie',  0.4 ,170420228140500000362)
/
INSERT INTO Mesure VALUES (17042022814050000036236203, 'Vent', 0.0 ,170420228140500000362)
/
INSERT INTO Releve VALUES (170420228141500000363, TO_DATE('17-04-2022' , 'DD-MM-YYYY') ,0000081415)
/
INSERT INTO Mesure VALUES (17042022814150000036336301, 'Temperature', 23.7 ,170420228141500000363)
/
INSERT INTO Mesure VALUES (17042022814150000036336303, 'Vent', 6.48 ,170420228141500000363)
/
INSERT INTO Mesure VALUES (17042022814150000036336304, 'Ensoleillement', 2054 ,170420228141500000363)
/
INSERT INTO Releve VALUES (170420220702700000364, TO_DATE('17-04-2022' , 'DD-MM-YYYY') ,0000007027)
/
INSERT INTO Mesure VALUES (17042022070270000036436401, 'Temperature', 17.8 ,170420220702700000364)
/
INSERT INTO Mesure VALUES (17042022070270000036436402, 'Pluviometrie',  0.0 ,170420220702700000364)
/
INSERT INTO Mesure VALUES (17042022070270000036436403, 'Vent', 15.84 ,170420220702700000364)
/
INSERT INTO Mesure VALUES (17042022070270000036436404, 'Ensoleillement', 2352 ,170420220702700000364)
/
INSERT INTO Releve VALUES (170420220746000000365, TO_DATE('17-04-2022' , 'DD-MM-YYYY') ,0000007460)
/
INSERT INTO Mesure VALUES (17042022074600000036536501, 'Temperature', 16.9 ,170420220746000000365)
/
INSERT INTO Mesure VALUES (17042022074600000036536502, 'Pluviometrie',  0.0 ,170420220746000000365)
/
INSERT INTO Mesure VALUES (17042022074600000036536503, 'Vent', 13.68 ,170420220746000000365)
/
INSERT INTO Releve VALUES (170420220763000000366, TO_DATE('17-04-2022' , 'DD-MM-YYYY') ,0000007630)
/
INSERT INTO Mesure VALUES (17042022076300000036636601, 'Temperature', 19.9 ,170420220763000000366)
/
INSERT INTO Mesure VALUES (17042022076300000036636602, 'Pluviometrie',  0.0 ,170420220763000000366)
/
INSERT INTO Mesure VALUES (17042022076300000036636603, 'Vent', 13.32 ,170420220763000000366)
/
INSERT INTO Mesure VALUES (17042022076300000036636604, 'Ensoleillement', 2098 ,170420220763000000366)
/
INSERT INTO Releve VALUES (170420220722200000367, TO_DATE('17-04-2022' , 'DD-MM-YYYY') ,0000007222)
/
INSERT INTO Mesure VALUES (17042022072220000036736701, 'Temperature', 21.3 ,170420220722200000367)
/
INSERT INTO Mesure VALUES (17042022072220000036736702, 'Pluviometrie',  0.0 ,170420220722200000367)
/
INSERT INTO Mesure VALUES (17042022072220000036736703, 'Vent', 9.0 ,170420220722200000367)
/
INSERT INTO Mesure VALUES (17042022072220000036736704, 'Ensoleillement', 2494 ,170420220722200000367)
/
INSERT INTO Releve VALUES (170420220747100000368, TO_DATE('17-04-2022' , 'DD-MM-YYYY') ,0000007471)
/
INSERT INTO Mesure VALUES (17042022074710000036836801, 'Temperature', 17.0 ,170420220747100000368)
/
INSERT INTO Mesure VALUES (17042022074710000036836802, 'Pluviometrie',  0.0 ,170420220747100000368)
/
INSERT INTO Mesure VALUES (17042022074710000036836803, 'Vent', 11.88 ,170420220747100000368)
/
INSERT INTO Releve VALUES (170420226198000000369, TO_DATE('17-04-2022' , 'DD-MM-YYYY') ,0000061980)
/
INSERT INTO Mesure VALUES (17042022619800000036936901, 'Temperature', 25.9 ,170420226198000000369)
/
INSERT INTO Mesure VALUES (17042022619800000036936902, 'Pluviometrie',  0.0 ,170420226198000000369)
/
INSERT INTO Mesure VALUES (17042022619800000036936903, 'Vent', 20.52 ,170420226198000000369)
/
INSERT INTO Releve VALUES (170420220762100000370, TO_DATE('17-04-2022' , 'DD-MM-YYYY') ,0000007621)
/
INSERT INTO Mesure VALUES (17042022076210000037037001, 'Temperature', 17.4 ,170420220762100000370)
/
INSERT INTO Mesure VALUES (17042022076210000037037002, 'Pluviometrie',  0.0 ,170420220762100000370)
/
INSERT INTO Mesure VALUES (17042022076210000037037003, 'Vent', 20.88 ,170420220762100000370)
/
INSERT INTO Releve VALUES (170420220701500000371, TO_DATE('17-04-2022' , 'DD-MM-YYYY') ,0000007015)
/
INSERT INTO Mesure VALUES (17042022070150000037137101, 'Temperature', 9.4 ,170420220701500000371)
/
INSERT INTO Mesure VALUES (17042022070150000037137102, 'Pluviometrie',  0.0 ,170420220701500000371)
/
INSERT INTO Mesure VALUES (17042022070150000037137103, 'Vent', 9.0 ,170420220701500000371)
/
INSERT INTO Mesure VALUES (17042022070150000037137104, 'Ensoleillement', 1560 ,170420220701500000371)
/
INSERT INTO Releve VALUES (170420220728000000372, TO_DATE('17-04-2022' , 'DD-MM-YYYY') ,0000007280)
/
INSERT INTO Mesure VALUES (17042022072800000037237201, 'Temperature', 8.2 ,170420220728000000372)
/
INSERT INTO Mesure VALUES (17042022072800000037237202, 'Pluviometrie',  0.0 ,170420220728000000372)
/
INSERT INTO Mesure VALUES (17042022072800000037237203, 'Vent', 12.24 ,170420220728000000372)
/
INSERT INTO Mesure VALUES (17042022072800000037237204, 'Ensoleillement', 2109 ,170420220728000000372)
/
INSERT INTO Releve VALUES (170420220700500000373, TO_DATE('17-04-2022' , 'DD-MM-YYYY') ,0000007005)
/
INSERT INTO Mesure VALUES (17042022070050000037337301, 'Temperature', 7.7 ,170420220700500000373)
/
INSERT INTO Mesure VALUES (17042022070050000037337302, 'Pluviometrie',  0.0 ,170420220700500000373)
/
INSERT INTO Mesure VALUES (17042022070050000037337303, 'Vent', 8.28 ,170420220700500000373)
/
INSERT INTO Mesure VALUES (17042022070050000037337304, 'Ensoleillement', 1420 ,170420220700500000373)
/
INSERT INTO Releve VALUES (170420220711700000374, TO_DATE('17-04-2022' , 'DD-MM-YYYY') ,0000007117)
/
INSERT INTO Mesure VALUES (17042022071170000037437401, 'Temperature', 9.6 ,170420220711700000374)
/
INSERT INTO Mesure VALUES (17042022071170000037437402, 'Pluviometrie',  0.0 ,170420220711700000374)
/
INSERT INTO Mesure VALUES (17042022071170000037437403, 'Vent', 14.4 ,170420220711700000374)
/
INSERT INTO Mesure VALUES (17042022071170000037437404, 'Ensoleillement', 1444 ,170420220711700000374)
/
INSERT INTO Releve VALUES (170420220719000000375, TO_DATE('17-04-2022' , 'DD-MM-YYYY') ,0000007190)
/
INSERT INTO Mesure VALUES (17042022071900000037537501, 'Temperature', 3.9 ,170420220719000000375)
/
INSERT INTO Mesure VALUES (17042022071900000037537502, 'Pluviometrie',  0.0 ,170420220719000000375)
/
INSERT INTO Mesure VALUES (17042022071900000037537503, 'Vent', 9.0 ,170420220719000000375)
/
INSERT INTO Releve VALUES (170420220748100000376, TO_DATE('17-04-2022' , 'DD-MM-YYYY') ,0000007481)
/
INSERT INTO Mesure VALUES (17042022074810000037637601, 'Temperature', 7.0 ,170420220748100000376)
/
INSERT INTO Mesure VALUES (17042022074810000037637602, 'Pluviometrie',  0.0 ,170420220748100000376)
/
INSERT INTO Mesure VALUES (17042022074810000037637603, 'Vent', 7.92 ,170420220748100000376)
/
INSERT INTO Releve VALUES (170420220779000000377, TO_DATE('17-04-2022' , 'DD-MM-YYYY') ,0000007790)
/
INSERT INTO Mesure VALUES (17042022077900000037737701, 'Temperature', 13.0 ,170420220779000000377)
/
INSERT INTO Mesure VALUES (17042022077900000037737702, 'Pluviometrie',  0.0 ,170420220779000000377)
/
INSERT INTO Mesure VALUES (17042022077900000037737703, 'Vent', 15.12 ,170420220779000000377)
/
INSERT INTO Mesure VALUES (17042022077900000037737704, 'Ensoleillement', 2025 ,170420220779000000377)
/
INSERT INTO Releve VALUES (170420220702700000378, TO_DATE('17-04-2022' , 'DD-MM-YYYY') ,0000007027)
/
INSERT INTO Mesure VALUES (17042022070270000037837801, 'Temperature', 6.3 ,170420220702700000378)
/
INSERT INTO Mesure VALUES (17042022070270000037837802, 'Pluviometrie',  0.0 ,170420220702700000378)
/
INSERT INTO Mesure VALUES (17042022070270000037837803, 'Vent', 5.4 ,170420220702700000378)
/
INSERT INTO Releve VALUES (170420220707200000379, TO_DATE('17-04-2022' , 'DD-MM-YYYY') ,0000007072)
/
INSERT INTO Mesure VALUES (17042022070720000037937901, 'Temperature', 4.5 ,170420220707200000379)
/
INSERT INTO Mesure VALUES (17042022070720000037937902, 'Pluviometrie',  0.0 ,170420220707200000379)
/
INSERT INTO Mesure VALUES (17042022070720000037937903, 'Vent', 3.24 ,170420220707200000379)
/
INSERT INTO Releve VALUES (170420220719000000380, TO_DATE('17-04-2022' , 'DD-MM-YYYY') ,0000007190)
/
INSERT INTO Mesure VALUES (17042022071900000038038001, 'Temperature', 12.6 ,170420220719000000380)
/
INSERT INTO Mesure VALUES (17042022071900000038038002, 'Pluviometrie',  0.0 ,170420220719000000380)
/
INSERT INTO Mesure VALUES (17042022071900000038038003, 'Vent', 19.8 ,170420220719000000380)
/
INSERT INTO Releve VALUES (170420220760700000381, TO_DATE('17-04-2022' , 'DD-MM-YYYY') ,0000007607)
/
INSERT INTO Mesure VALUES (17042022076070000038138101, 'Temperature', 12.1 ,170420220760700000381)
/
INSERT INTO Mesure VALUES (17042022076070000038138102, 'Pluviometrie',  0.0 ,170420220760700000381)
/
INSERT INTO Mesure VALUES (17042022076070000038138103, 'Vent', 12.6 ,170420220760700000381)
/
INSERT INTO Releve VALUES (170420220725500000382, TO_DATE('17-04-2022' , 'DD-MM-YYYY') ,0000007255)
/
INSERT INTO Mesure VALUES (17042022072550000038238201, 'Temperature', 18.6 ,170420220725500000382)
/
INSERT INTO Mesure VALUES (17042022072550000038238202, 'Pluviometrie',  0.0 ,170420220725500000382)
/
INSERT INTO Mesure VALUES (17042022072550000038238203, 'Vent', 13.32 ,170420220725500000382)
/
INSERT INTO Releve VALUES (170420220779000000383, TO_DATE('17-04-2022' , 'DD-MM-YYYY') ,0000007790)
/
INSERT INTO Mesure VALUES (17042022077900000038338301, 'Temperature', 16.8 ,170420220779000000383)
/
INSERT INTO Mesure VALUES (17042022077900000038338302, 'Pluviometrie',  0.0 ,170420220779000000383)
/
INSERT INTO Mesure VALUES (17042022077900000038338303, 'Vent', 23.76 ,170420220779000000383)
/
INSERT INTO Mesure VALUES (17042022077900000038338304, 'Ensoleillement', 1861 ,170420220779000000383)
/
INSERT INTO Releve VALUES (170420220763000000384, TO_DATE('17-04-2022' , 'DD-MM-YYYY') ,0000007630)
/
INSERT INTO Mesure VALUES (17042022076300000038438401, 'Temperature', 22.2 ,170420220763000000384)
/
INSERT INTO Mesure VALUES (17042022076300000038438402, 'Pluviometrie',  0.0 ,170420220763000000384)
/
INSERT INTO Mesure VALUES (17042022076300000038438403, 'Vent', 27.72 ,170420220763000000384)
/
INSERT INTO Mesure VALUES (17042022076300000038438404, 'Ensoleillement', 2037 ,170420220763000000384)
/
INSERT INTO Releve VALUES (170420227892500000385, TO_DATE('17-04-2022' , 'DD-MM-YYYY') ,0000078925)
/
INSERT INTO Mesure VALUES (17042022789250000038538501, 'Temperature', 29.1 ,170420227892500000385)
/
INSERT INTO Mesure VALUES (17042022789250000038538502, 'Pluviometrie',  0.0 ,170420227892500000385)
/
INSERT INTO Mesure VALUES (17042022789250000038538503, 'Vent', 32.76 ,170420227892500000385)
/
INSERT INTO Alerte VALUES (11300000999110, 'Orages' ,0000099911, TO_DATE('11-03-2021' ,'DD-MM-YYYY'), TO_DATE('21-03-2021' ,'DD-MM-YYYY'), 'Jaune' )
/
INSERT INTO Alerte VALUES (241000000999111, 'Vent violent' ,0000099911, TO_DATE('24-10-2021' ,'DD-MM-YYYY'), TO_DATE('25-10-2021' ,'DD-MM-YYYY'), 'Jaune' )
/
INSERT INTO Alerte VALUES (18200000999112, 'Canicule' ,0000099911, TO_DATE('18-02-2021' ,'DD-MM-YYYY'), TO_DATE('28-02-2021' ,'DD-MM-YYYY'), 'Rouge' )
/
INSERT INTO Alerte VALUES (07800000999113, 'Neige-verglas' ,0000099911, TO_DATE('07-08-2021' ,'DD-MM-YYYY'), TO_DATE('07-08-2021' ,'DD-MM-YYYY'), 'Rouge' )
/
INSERT INTO Alerte VALUES (28800000999114, 'Orages' ,0000099911, TO_DATE('28-08-2021' ,'DD-MM-YYYY'), TO_DATE('03-09-2021' ,'DD-MM-YYYY'), 'Jaune' )
/
INSERT INTO Alerte VALUES (08400000999115, 'Grand froid' ,0000099911, TO_DATE('08-04-2021' ,'DD-MM-YYYY'), TO_DATE('18-04-2021' ,'DD-MM-YYYY'), 'Orange' )
/
INSERT INTO Alerte VALUES (031000000999116, 'Inondation' ,0000099911, TO_DATE('03-10-2021' ,'DD-MM-YYYY'), TO_DATE('10-10-2021' ,'DD-MM-YYYY'), 'Orange' )
/
INSERT INTO Alerte VALUES (16400000999117, 'Grand froid' ,0000099911, TO_DATE('16-04-2021' ,'DD-MM-YYYY'), TO_DATE('19-04-2021' ,'DD-MM-YYYY'), 'Rouge' )
/
INSERT INTO Alerte VALUES (10800000999240, 'Orages' ,0000099924, TO_DATE('10-08-2021' ,'DD-MM-YYYY'), TO_DATE('10-08-2021' ,'DD-MM-YYYY'), 'Rouge' )
/
INSERT INTO Alerte VALUES (03500000999241, 'Grand froid' ,0000099924, TO_DATE('03-05-2021' ,'DD-MM-YYYY'), TO_DATE('13-05-2021' ,'DD-MM-YYYY'), 'Jaune' )
/
INSERT INTO Alerte VALUES (04500000999242, 'Inondation' ,0000099924, TO_DATE('04-05-2021' ,'DD-MM-YYYY'), TO_DATE('07-05-2021' ,'DD-MM-YYYY'), 'Rouge' )
/
INSERT INTO Alerte VALUES (20400000999243, 'Orages' ,0000099924, TO_DATE('20-04-2021' ,'DD-MM-YYYY'), TO_DATE('02-05-2021' ,'DD-MM-YYYY'), 'Orange' )
/
INSERT INTO Alerte VALUES (25600000999244, 'Orages' ,0000099924, TO_DATE('25-06-2021' ,'DD-MM-YYYY'), TO_DATE('05-07-2021' ,'DD-MM-YYYY'), 'Orange' )
/
INSERT INTO Alerte VALUES (08900000999245, 'Vent violent' ,0000099924, TO_DATE('08-09-2021' ,'DD-MM-YYYY'), TO_DATE('10-09-2021' ,'DD-MM-YYYY'), 'Rouge' )
/
INSERT INTO Alerte VALUES (16200000999246, 'Crue' ,0000099924, TO_DATE('16-02-2021' ,'DD-MM-YYYY'), TO_DATE('23-02-2021' ,'DD-MM-YYYY'), 'Jaune' )
/
INSERT INTO Alerte VALUES (12600000999247, 'Vent violent' ,0000099924, TO_DATE('12-06-2021' ,'DD-MM-YYYY'), TO_DATE('16-06-2021' ,'DD-MM-YYYY'), 'Rouge' )
/
INSERT INTO Alerte VALUES (06800000999248, 'Orages' ,0000099924, TO_DATE('06-08-2021' ,'DD-MM-YYYY'), TO_DATE('15-08-2021' ,'DD-MM-YYYY'), 'Jaune' )
/
INSERT INTO Alerte VALUES (121200000999249, 'Pluie-inondation' ,0000099924, TO_DATE('12-12-2021' ,'DD-MM-YYYY'), TO_DATE('13-12-2021' ,'DD-MM-YYYY'), 'Jaune' )
/
INSERT INTO Alerte VALUES (0310000009992410, 'Orages' ,0000099924, TO_DATE('03-10-2021' ,'DD-MM-YYYY'), TO_DATE('11-10-2021' ,'DD-MM-YYYY'), 'Jaune' )
/
INSERT INTO Alerte VALUES (081000009992411, 'Inondation' ,0000099924, TO_DATE('08-01-2021' ,'DD-MM-YYYY'), TO_DATE('16-01-2021' ,'DD-MM-YYYY'), 'Rouge' )
/
INSERT INTO Alerte VALUES (1412000009992412, 'Vent violent' ,0000099924, TO_DATE('14-12-2021' ,'DD-MM-YYYY'), TO_DATE('18-12-2021' ,'DD-MM-YYYY'), 'Orange' )
/
INSERT INTO Alerte VALUES (216000009992413, 'Grand froid' ,0000099924, TO_DATE('21-06-2021' ,'DD-MM-YYYY'), TO_DATE('23-06-2021' ,'DD-MM-YYYY'), 'Orange' )
/
INSERT INTO Alerte VALUES (1310000009992414, 'Inondation' ,0000099924, TO_DATE('13-10-2021' ,'DD-MM-YYYY'), TO_DATE('23-10-2021' ,'DD-MM-YYYY'), 'Jaune' )
/
INSERT INTO Alerte VALUES (111200000999930, 'Grand froid' ,0000099993, TO_DATE('11-12-2021' ,'DD-MM-YYYY'), TO_DATE('17-12-2021' ,'DD-MM-YYYY'), 'Rouge' )
/
INSERT INTO Alerte VALUES (05300000999931, 'Crue' ,0000099993, TO_DATE('05-03-2021' ,'DD-MM-YYYY'), TO_DATE('08-03-2021' ,'DD-MM-YYYY'), 'Rouge' )
/
INSERT INTO Alerte VALUES (16300000999932, 'Crue' ,0000099993, TO_DATE('16-03-2021' ,'DD-MM-YYYY'), TO_DATE('18-03-2021' ,'DD-MM-YYYY'), 'Jaune' )
/
INSERT INTO Alerte VALUES (261200000999933, 'Crue' ,0000099993, TO_DATE('26-12-2021' ,'DD-MM-YYYY'), TO_DATE('01-01-2022' ,'DD-MM-YYYY'), 'Orange' )
/
INSERT INTO Alerte VALUES (151000000999934, 'Crue' ,0000099993, TO_DATE('15-10-2021' ,'DD-MM-YYYY'), TO_DATE('21-10-2021' ,'DD-MM-YYYY'), 'Jaune' )
/
INSERT INTO Alerte VALUES (13600000999935, 'Vent violent' ,0000099993, TO_DATE('13-06-2021' ,'DD-MM-YYYY'), TO_DATE('14-06-2021' ,'DD-MM-YYYY'), 'Orange' )
/
INSERT INTO Alerte VALUES (111000000999936, 'Grand froid' ,0000099993, TO_DATE('11-10-2021' ,'DD-MM-YYYY'), TO_DATE('21-10-2021' ,'DD-MM-YYYY'), 'Rouge' )
/
INSERT INTO Alerte VALUES (23600000999937, 'Vent violent' ,0000099993, TO_DATE('23-06-2021' ,'DD-MM-YYYY'), TO_DATE('04-07-2021' ,'DD-MM-YYYY'), 'Rouge' )
/
INSERT INTO Alerte VALUES (091000000999938, 'Vent violent' ,0000099993, TO_DATE('09-10-2021' ,'DD-MM-YYYY'), TO_DATE('11-10-2021' ,'DD-MM-YYYY'), 'Rouge' )
/
INSERT INTO Alerte VALUES (02600000999939, 'Inondation' ,0000099993, TO_DATE('02-06-2021' ,'DD-MM-YYYY'), TO_DATE('10-06-2021' ,'DD-MM-YYYY'), 'Jaune' )
/
INSERT INTO Alerte VALUES (1810000009999310, 'Orages' ,0000099993, TO_DATE('18-10-2021' ,'DD-MM-YYYY'), TO_DATE('19-10-2021' ,'DD-MM-YYYY'), 'Orange' )
/
INSERT INTO Alerte VALUES (264000009999311, 'Vent violent' ,0000099993, TO_DATE('26-04-2021' ,'DD-MM-YYYY'), TO_DATE('04-05-2021' ,'DD-MM-YYYY'), 'Orange' )
/
INSERT INTO Alerte VALUES (086000009999312, 'Pluie-inondation' ,0000099993, TO_DATE('08-06-2021' ,'DD-MM-YYYY'), TO_DATE('13-06-2021' ,'DD-MM-YYYY'), 'Orange' )
/
INSERT INTO Alerte VALUES (187000009999313, 'Neige-verglas' ,0000099993, TO_DATE('18-07-2021' ,'DD-MM-YYYY'), TO_DATE('20-07-2021' ,'DD-MM-YYYY'), 'Orange' )
/
INSERT INTO Alerte VALUES (03300000999010, 'Canicule' ,0000099901, TO_DATE('03-03-2021' ,'DD-MM-YYYY'), TO_DATE('13-03-2021' ,'DD-MM-YYYY'), 'Rouge' )
/
INSERT INTO Alerte VALUES (21900000999011, 'Inondation' ,0000099901, TO_DATE('21-09-2021' ,'DD-MM-YYYY'), TO_DATE('24-09-2021' ,'DD-MM-YYYY'), 'Orange' )
/
INSERT INTO Alerte VALUES (091200000999012, 'Pluie-inondation' ,0000099901, TO_DATE('09-12-2021' ,'DD-MM-YYYY'), TO_DATE('15-12-2021' ,'DD-MM-YYYY'), 'Rouge' )
/
INSERT INTO Alerte VALUES (10200000999013, 'Inondation' ,0000099901, TO_DATE('10-02-2021' ,'DD-MM-YYYY'), TO_DATE('13-02-2021' ,'DD-MM-YYYY'), 'Orange' )
/
INSERT INTO Alerte VALUES (08100000999014, 'Canicule' ,0000099901, TO_DATE('08-01-2021' ,'DD-MM-YYYY'), TO_DATE('11-01-2021' ,'DD-MM-YYYY'), 'Jaune' )
/
INSERT INTO Alerte VALUES (03200000999015, 'Grand froid' ,0000099901, TO_DATE('03-02-2021' ,'DD-MM-YYYY'), TO_DATE('11-02-2021' ,'DD-MM-YYYY'), 'Rouge' )
/
INSERT INTO Alerte VALUES (19600000999016, 'Pluie-inondation' ,0000099901, TO_DATE('19-06-2021' ,'DD-MM-YYYY'), TO_DATE('21-06-2021' ,'DD-MM-YYYY'), 'Orange' )
/
INSERT INTO Alerte VALUES (071000000999017, 'Canicule' ,0000099901, TO_DATE('07-10-2021' ,'DD-MM-YYYY'), TO_DATE('13-10-2021' ,'DD-MM-YYYY'), 'Orange' )
/
INSERT INTO Alerte VALUES (211000009999770, 'Grand froid' ,0000999977, TO_DATE('21-10-2021' ,'DD-MM-YYYY'), TO_DATE('28-10-2021' ,'DD-MM-YYYY'), 'Orange' )
/
INSERT INTO Alerte VALUES (16900009999771, 'Grand froid' ,0000999977, TO_DATE('16-09-2021' ,'DD-MM-YYYY'), TO_DATE('16-09-2021' ,'DD-MM-YYYY'), 'Rouge' )
/
INSERT INTO Alerte VALUES (09400009999772, 'Canicule' ,0000999977, TO_DATE('09-04-2021' ,'DD-MM-YYYY'), TO_DATE('12-04-2021' ,'DD-MM-YYYY'), 'Rouge' )
/
INSERT INTO Alerte VALUES (231100009999773, 'Grand froid' ,0000999977, TO_DATE('23-11-2021' ,'DD-MM-YYYY'), TO_DATE('23-11-2021' ,'DD-MM-YYYY'), 'Rouge' )
/
INSERT INTO Alerte VALUES (201200009999774, 'Inondation' ,0000999977, TO_DATE('20-12-2021' ,'DD-MM-YYYY'), TO_DATE('21-12-2021' ,'DD-MM-YYYY'), 'Orange' )
/
INSERT INTO Alerte VALUES (031200009999775, 'Inondation' ,0000999977, TO_DATE('03-12-2021' ,'DD-MM-YYYY'), TO_DATE('06-12-2021' ,'DD-MM-YYYY'), 'Jaune' )
/
INSERT INTO Alerte VALUES (19800009999776, 'Neige-verglas' ,0000999977, TO_DATE('19-08-2021' ,'DD-MM-YYYY'), TO_DATE('01-09-2021' ,'DD-MM-YYYY'), 'Jaune' )
/
INSERT INTO Alerte VALUES (13700009999777, 'Inondation' ,0000999977, TO_DATE('13-07-2021' ,'DD-MM-YYYY'), TO_DATE('23-07-2021' ,'DD-MM-YYYY'), 'Orange' )
/
INSERT INTO Alerte VALUES (05700009999778, 'Grand froid' ,0000999977, TO_DATE('05-07-2021' ,'DD-MM-YYYY'), TO_DATE('06-07-2021' ,'DD-MM-YYYY'), 'Jaune' )
/
INSERT INTO Alerte VALUES (01700009999779, 'Crue' ,0000999977, TO_DATE('01-07-2021' ,'DD-MM-YYYY'), TO_DATE('11-07-2021' ,'DD-MM-YYYY'), 'Rouge' )
/
INSERT INTO Alerte VALUES (174000099997710, 'Orages' ,0000999977, TO_DATE('17-04-2021' ,'DD-MM-YYYY'), TO_DATE('18-04-2021' ,'DD-MM-YYYY'), 'Jaune' )
/
INSERT INTO Alerte VALUES (2112000099997711, 'Neige-verglas' ,0000999977, TO_DATE('21-12-2021' ,'DD-MM-YYYY'), TO_DATE('02-01-2022' ,'DD-MM-YYYY'), 'Rouge' )
/
INSERT INTO Alerte VALUES (1610000099997712, 'Crue' ,0000999977, TO_DATE('16-10-2021' ,'DD-MM-YYYY'), TO_DATE('17-10-2021' ,'DD-MM-YYYY'), 'Rouge' )
/
INSERT INTO Alerte VALUES (084000099997713, 'Crue' ,0000999977, TO_DATE('08-04-2021' ,'DD-MM-YYYY'), TO_DATE('13-04-2021' ,'DD-MM-YYYY'), 'Jaune' )
/
INSERT INTO Alerte VALUES (068000099997714, 'Vent violent' ,0000999977, TO_DATE('06-08-2021' ,'DD-MM-YYYY'), TO_DATE('12-08-2021' ,'DD-MM-YYYY'), 'Rouge' )
/
INSERT INTO Alerte VALUES (1512000099997715, 'Canicule' ,0000999977, TO_DATE('15-12-2021' ,'DD-MM-YYYY'), TO_DATE('23-12-2021' ,'DD-MM-YYYY'), 'Jaune' )
/
INSERT INTO Alerte VALUES (12300000999280, 'Inondation' ,0000099928, TO_DATE('12-03-2021' ,'DD-MM-YYYY'), TO_DATE('13-03-2021' ,'DD-MM-YYYY'), 'Jaune' )
/
INSERT INTO Alerte VALUES (10800000999281, 'Canicule' ,0000099928, TO_DATE('10-08-2021' ,'DD-MM-YYYY'), TO_DATE('15-08-2021' ,'DD-MM-YYYY'), 'Jaune' )
/
INSERT INTO Alerte VALUES (03200000999282, 'Crue' ,0000099928, TO_DATE('03-02-2021' ,'DD-MM-YYYY'), TO_DATE('11-02-2021' ,'DD-MM-YYYY'), 'Rouge' )
/
INSERT INTO Alerte VALUES (28900000999283, 'Vent violent' ,0000099928, TO_DATE('28-09-2021' ,'DD-MM-YYYY'), TO_DATE('06-10-2021' ,'DD-MM-YYYY'), 'Rouge' )
/
INSERT INTO Alerte VALUES (031200000999284, 'Pluie-inondation' ,0000099928, TO_DATE('03-12-2021' ,'DD-MM-YYYY'), TO_DATE('07-12-2021' ,'DD-MM-YYYY'), 'Rouge' )
/
INSERT INTO Alerte VALUES (28600000999285, 'Orages' ,0000099928, TO_DATE('28-06-2021' ,'DD-MM-YYYY'), TO_DATE('10-07-2021' ,'DD-MM-YYYY'), 'Rouge' )
/
INSERT INTO Alerte VALUES (261200000999286, 'Canicule' ,0000099928, TO_DATE('26-12-2021' ,'DD-MM-YYYY'), TO_DATE('27-12-2021' ,'DD-MM-YYYY'), 'Orange' )
/
INSERT INTO Alerte VALUES (13600000999287, 'Vent violent' ,0000099928, TO_DATE('13-06-2021' ,'DD-MM-YYYY'), TO_DATE('13-06-2021' ,'DD-MM-YYYY'), 'Rouge' )
/
INSERT INTO Alerte VALUES (25700000999288, 'Inondation' ,0000099928, TO_DATE('25-07-2021' ,'DD-MM-YYYY'), TO_DATE('27-07-2021' ,'DD-MM-YYYY'), 'Rouge' )
/
INSERT INTO Alerte VALUES (17900000999289, 'Crue' ,0000099928, TO_DATE('17-09-2021' ,'DD-MM-YYYY'), TO_DATE('25-09-2021' ,'DD-MM-YYYY'), 'Orange' )
/
INSERT INTO Alerte VALUES (199000009992810, 'Pluie-inondation' ,0000099928, TO_DATE('19-09-2021' ,'DD-MM-YYYY'), TO_DATE('23-09-2021' ,'DD-MM-YYYY'), 'Rouge' )
/
INSERT INTO Alerte VALUES (2812000009992811, 'Canicule' ,0000099928, TO_DATE('28-12-2021' ,'DD-MM-YYYY'), TO_DATE('07-01-2022' ,'DD-MM-YYYY'), 'Jaune' )
/
INSERT INTO Alerte VALUES (171000009992812, 'Neige-verglas' ,0000099928, TO_DATE('17-01-2021' ,'DD-MM-YYYY'), TO_DATE('24-01-2021' ,'DD-MM-YYYY'), 'Orange' )
/
INSERT INTO Alerte VALUES (107000009992813, 'Neige-verglas' ,0000099928, TO_DATE('10-07-2021' ,'DD-MM-YYYY'), TO_DATE('14-07-2021' ,'DD-MM-YYYY'), 'Orange' )
/
INSERT INTO Alerte VALUES (095000009992814, 'Pluie-inondation' ,0000099928, TO_DATE('09-05-2021' ,'DD-MM-YYYY'), TO_DATE('14-05-2021' ,'DD-MM-YYYY'), 'Orange' )
/
INSERT INTO Alerte VALUES (24200000999750, 'Crue' ,0000099975, TO_DATE('24-02-2021' ,'DD-MM-YYYY'), TO_DATE('02-03-2021' ,'DD-MM-YYYY'), 'Rouge' )
/
INSERT INTO Alerte VALUES (03200000999751, 'Inondation' ,0000099975, TO_DATE('03-02-2021' ,'DD-MM-YYYY'), TO_DATE('06-02-2021' ,'DD-MM-YYYY'), 'Rouge' )
/
INSERT INTO Alerte VALUES (26500000999752, 'Orages' ,0000099975, TO_DATE('26-05-2021' ,'DD-MM-YYYY'), TO_DATE('07-06-2021' ,'DD-MM-YYYY'), 'Rouge' )
/
INSERT INTO Alerte VALUES (08600000999753, 'Pluie-inondation' ,0000099975, TO_DATE('08-06-2021' ,'DD-MM-YYYY'), TO_DATE('10-06-2021' ,'DD-MM-YYYY'), 'Jaune' )
/
INSERT INTO Alerte VALUES (09100000999754, 'Crue' ,0000099975, TO_DATE('09-01-2021' ,'DD-MM-YYYY'), TO_DATE('16-01-2021' ,'DD-MM-YYYY'), 'Orange' )
/
INSERT INTO Alerte VALUES (10800000999755, 'Orages' ,0000099975, TO_DATE('10-08-2021' ,'DD-MM-YYYY'), TO_DATE('10-08-2021' ,'DD-MM-YYYY'), 'Rouge' )
/
INSERT INTO Alerte VALUES (14400000999756, 'Grand froid' ,0000099975, TO_DATE('14-04-2021' ,'DD-MM-YYYY'), TO_DATE('22-04-2021' ,'DD-MM-YYYY'), 'Orange' )
/
INSERT INTO Alerte VALUES (05900000999757, 'Inondation' ,0000099975, TO_DATE('05-09-2021' ,'DD-MM-YYYY'), TO_DATE('14-09-2021' ,'DD-MM-YYYY'), 'Jaune' )
/
INSERT INTO Alerte VALUES (171200000999758, 'Orages' ,0000099975, TO_DATE('17-12-2021' ,'DD-MM-YYYY'), TO_DATE('20-12-2021' ,'DD-MM-YYYY'), 'Rouge' )
/
INSERT INTO Alerte VALUES (15300000999759, 'Crue' ,0000099975, TO_DATE('15-03-2021' ,'DD-MM-YYYY'), TO_DATE('21-03-2021' ,'DD-MM-YYYY'), 'Jaune' )
/
INSERT INTO Alerte VALUES (127000009997510, 'Crue' ,0000099975, TO_DATE('12-07-2021' ,'DD-MM-YYYY'), TO_DATE('14-07-2021' ,'DD-MM-YYYY'), 'Jaune' )
/
INSERT INTO Alerte VALUES (252000009997511, 'Crue' ,0000099975, TO_DATE('25-02-2021' ,'DD-MM-YYYY'), TO_DATE('02-03-2021' ,'DD-MM-YYYY'), 'Orange' )
/
INSERT INTO Alerte VALUES (17600000999840, 'Inondation' ,0000099984, TO_DATE('17-06-2021' ,'DD-MM-YYYY'), TO_DATE('19-06-2021' ,'DD-MM-YYYY'), 'Jaune' )
/
INSERT INTO Alerte VALUES (22500000999841, 'Pluie-inondation' ,0000099984, TO_DATE('22-05-2021' ,'DD-MM-YYYY'), TO_DATE('23-05-2021' ,'DD-MM-YYYY'), 'Rouge' )
/
INSERT INTO Alerte VALUES (23300000999842, 'Neige-verglas' ,0000099984, TO_DATE('23-03-2021' ,'DD-MM-YYYY'), TO_DATE('25-03-2021' ,'DD-MM-YYYY'), 'Jaune' )
/
INSERT INTO Alerte VALUES (04200000999843, 'Pluie-inondation' ,0000099984, TO_DATE('04-02-2021' ,'DD-MM-YYYY'), TO_DATE('04-02-2021' ,'DD-MM-YYYY'), 'Orange' )
/
INSERT INTO Alerte VALUES (101200000999844, 'Pluie-inondation' ,0000099984, TO_DATE('10-12-2021' ,'DD-MM-YYYY'), TO_DATE('14-12-2021' ,'DD-MM-YYYY'), 'Jaune' )
/
INSERT INTO Alerte VALUES (14700000999845, 'Orages' ,0000099984, TO_DATE('14-07-2021' ,'DD-MM-YYYY'), TO_DATE('22-07-2021' ,'DD-MM-YYYY'), 'Rouge' )
/
INSERT INTO Alerte VALUES (281200000999846, 'Neige-verglas' ,0000099984, TO_DATE('28-12-2021' ,'DD-MM-YYYY'), TO_DATE('09-01-2022' ,'DD-MM-YYYY'), 'Jaune' )
/
INSERT INTO Alerte VALUES (091200000999847, 'Pluie-inondation' ,0000099984, TO_DATE('09-12-2021' ,'DD-MM-YYYY'), TO_DATE('09-12-2021' ,'DD-MM-YYYY'), 'Orange' )
/
INSERT INTO Alerte VALUES (241000000999848, 'Canicule' ,0000099984, TO_DATE('24-10-2021' ,'DD-MM-YYYY'), TO_DATE('27-10-2021' ,'DD-MM-YYYY'), 'Jaune' )
/
INSERT INTO Alerte VALUES (061000000999849, 'Grand froid' ,0000099984, TO_DATE('06-10-2021' ,'DD-MM-YYYY'), TO_DATE('15-10-2021' ,'DD-MM-YYYY'), 'Rouge' )
/
INSERT INTO Alerte VALUES (0212000009998410, 'Grand froid' ,0000099984, TO_DATE('02-12-2021' ,'DD-MM-YYYY'), TO_DATE('04-12-2021' ,'DD-MM-YYYY'), 'Orange' )
/
INSERT INTO Alerte VALUES (2110000009998411, 'Orages' ,0000099984, TO_DATE('21-10-2021' ,'DD-MM-YYYY'), TO_DATE('03-11-2021' ,'DD-MM-YYYY'), 'Jaune' )
/
INSERT INTO Alerte VALUES (09600000999040, 'Vent violent' ,0000099904, TO_DATE('09-06-2021' ,'DD-MM-YYYY'), TO_DATE('18-06-2021' ,'DD-MM-YYYY'), 'Rouge' )
/
INSERT INTO Alerte VALUES (20800000999041, 'Vent violent' ,0000099904, TO_DATE('20-08-2021' ,'DD-MM-YYYY'), TO_DATE('23-08-2021' ,'DD-MM-YYYY'), 'Jaune' )
/
INSERT INTO Alerte VALUES (251100000999042, 'Orages' ,0000099904, TO_DATE('25-11-2021' ,'DD-MM-YYYY'), TO_DATE('07-12-2021' ,'DD-MM-YYYY'), 'Orange' )
/
INSERT INTO Alerte VALUES (07900000999043, 'Inondation' ,0000099904, TO_DATE('07-09-2021' ,'DD-MM-YYYY'), TO_DATE('14-09-2021' ,'DD-MM-YYYY'), 'Orange' )
/
INSERT INTO Alerte VALUES (27300000999044, 'Neige-verglas' ,0000099904, TO_DATE('27-03-2021' ,'DD-MM-YYYY'), TO_DATE('06-04-2021' ,'DD-MM-YYYY'), 'Rouge' )
/
INSERT INTO Alerte VALUES (11800000999045, 'Crue' ,0000099904, TO_DATE('11-08-2021' ,'DD-MM-YYYY'), TO_DATE('12-08-2021' ,'DD-MM-YYYY'), 'Orange' )
/
INSERT INTO Alerte VALUES (18500000999046, 'Inondation' ,0000099904, TO_DATE('18-05-2021' ,'DD-MM-YYYY'), TO_DATE('20-05-2021' ,'DD-MM-YYYY'), 'Rouge' )
/
INSERT INTO Alerte VALUES (141200000999047, 'Vent violent' ,0000099904, TO_DATE('14-12-2021' ,'DD-MM-YYYY'), TO_DATE('17-12-2021' ,'DD-MM-YYYY'), 'Jaune' )
/
INSERT INTO Alerte VALUES (201200000999048, 'Orages' ,0000099904, TO_DATE('20-12-2021' ,'DD-MM-YYYY'), TO_DATE('28-12-2021' ,'DD-MM-YYYY'), 'Rouge' )
/
INSERT INTO Alerte VALUES (09700000999049, 'Grand froid' ,0000099904, TO_DATE('09-07-2021' ,'DD-MM-YYYY'), TO_DATE('13-07-2021' ,'DD-MM-YYYY'), 'Orange' )
/
INSERT INTO Alerte VALUES (1910000009990410, 'Pluie-inondation' ,0000099904, TO_DATE('19-10-2021' ,'DD-MM-YYYY'), TO_DATE('28-10-2021' ,'DD-MM-YYYY'), 'Rouge' )
/
INSERT INTO Alerte VALUES (04500000999060, 'Orages' ,0000099906, TO_DATE('04-05-2021' ,'DD-MM-YYYY'), TO_DATE('13-05-2021' ,'DD-MM-YYYY'), 'Rouge' )
/
INSERT INTO Alerte VALUES (071100000999061, 'Neige-verglas' ,0000099906, TO_DATE('07-11-2021' ,'DD-MM-YYYY'), TO_DATE('16-11-2021' ,'DD-MM-YYYY'), 'Orange' )
/
INSERT INTO Alerte VALUES (07500000999062, 'Inondation' ,0000099906, TO_DATE('07-05-2021' ,'DD-MM-YYYY'), TO_DATE('15-05-2021' ,'DD-MM-YYYY'), 'Rouge' )
/
INSERT INTO Alerte VALUES (04400000999063, 'Crue' ,0000099906, TO_DATE('04-04-2021' ,'DD-MM-YYYY'), TO_DATE('08-04-2021' ,'DD-MM-YYYY'), 'Orange' )
/
INSERT INTO Alerte VALUES (01300000999064, 'Canicule' ,0000099906, TO_DATE('01-03-2021' ,'DD-MM-YYYY'), TO_DATE('07-03-2021' ,'DD-MM-YYYY'), 'Jaune' )
/
INSERT INTO Alerte VALUES (13200000999065, 'Inondation' ,0000099906, TO_DATE('13-02-2021' ,'DD-MM-YYYY'), TO_DATE('18-02-2021' ,'DD-MM-YYYY'), 'Jaune' )
/
INSERT INTO Alerte VALUES (26900000999066, 'Crue' ,0000099906, TO_DATE('26-09-2021' ,'DD-MM-YYYY'), TO_DATE('28-09-2021' ,'DD-MM-YYYY'), 'Rouge' )
/
INSERT INTO Alerte VALUES (041100000999067, 'Grand froid' ,0000099906, TO_DATE('04-11-2021' ,'DD-MM-YYYY'), TO_DATE('12-11-2021' ,'DD-MM-YYYY'), 'Rouge' )
/
INSERT INTO Alerte VALUES (181000000999068, 'Neige-verglas' ,0000099906, TO_DATE('18-10-2021' ,'DD-MM-YYYY'), TO_DATE('21-10-2021' ,'DD-MM-YYYY'), 'Rouge' )
/
INSERT INTO Alerte VALUES (11300000999069, 'Pluie-inondation' ,0000099906, TO_DATE('11-03-2021' ,'DD-MM-YYYY'), TO_DATE('12-03-2021' ,'DD-MM-YYYY'), 'Orange' )
/
INSERT INTO Alerte VALUES (20500000999320, 'Neige-verglas' ,0000099932, TO_DATE('20-05-2021' ,'DD-MM-YYYY'), TO_DATE('23-05-2021' ,'DD-MM-YYYY'), 'Jaune' )
/
INSERT INTO Alerte VALUES (06500000999321, 'Vent violent' ,0000099932, TO_DATE('06-05-2021' ,'DD-MM-YYYY'), TO_DATE('11-05-2021' ,'DD-MM-YYYY'), 'Jaune' )
/
INSERT INTO Alerte VALUES (12600000999322, 'Neige-verglas' ,0000099932, TO_DATE('12-06-2021' ,'DD-MM-YYYY'), TO_DATE('20-06-2021' ,'DD-MM-YYYY'), 'Rouge' )
/
INSERT INTO Alerte VALUES (13400000999323, 'Grand froid' ,0000099932, TO_DATE('13-04-2021' ,'DD-MM-YYYY'), TO_DATE('23-04-2021' ,'DD-MM-YYYY'), 'Rouge' )
/
INSERT INTO Alerte VALUES (03200000999324, 'Canicule' ,0000099932, TO_DATE('03-02-2021' ,'DD-MM-YYYY'), TO_DATE('08-02-2021' ,'DD-MM-YYYY'), 'Orange' )
/
INSERT INTO Alerte VALUES (03400000999325, 'Grand froid' ,0000099932, TO_DATE('03-04-2021' ,'DD-MM-YYYY'), TO_DATE('06-04-2021' ,'DD-MM-YYYY'), 'Jaune' )
/
INSERT INTO Alerte VALUES (10600000999326, 'Vent violent' ,0000099932, TO_DATE('10-06-2021' ,'DD-MM-YYYY'), TO_DATE('15-06-2021' ,'DD-MM-YYYY'), 'Rouge' )
/
INSERT INTO Alerte VALUES (01700000999327, 'Canicule' ,0000099932, TO_DATE('01-07-2021' ,'DD-MM-YYYY'), TO_DATE('06-07-2021' ,'DD-MM-YYYY'), 'Orange' )
/
INSERT INTO Alerte VALUES (02400000999328, 'Vent violent' ,0000099932, TO_DATE('02-04-2021' ,'DD-MM-YYYY'), TO_DATE('05-04-2021' ,'DD-MM-YYYY'), 'Jaune' )
/
INSERT INTO Alerte VALUES (04200000999329, 'Canicule' ,0000099932, TO_DATE('04-02-2021' ,'DD-MM-YYYY'), TO_DATE('05-02-2021' ,'DD-MM-YYYY'), 'Orange' )
/
INSERT INTO Alerte VALUES (083000009993210, 'Crue' ,0000099932, TO_DATE('08-03-2021' ,'DD-MM-YYYY'), TO_DATE('11-03-2021' ,'DD-MM-YYYY'), 'Rouge' )
/
INSERT INTO Alerte VALUES (192000009993211, 'Grand froid' ,0000099932, TO_DATE('19-02-2021' ,'DD-MM-YYYY'), TO_DATE('23-02-2021' ,'DD-MM-YYYY'), 'Rouge' )
/
INSERT INTO Alerte VALUES (10800000999440, 'Inondation' ,0000099944, TO_DATE('10-08-2021' ,'DD-MM-YYYY'), TO_DATE('16-08-2021' ,'DD-MM-YYYY'), 'Orange' )
/
INSERT INTO Alerte VALUES (01800000999441, 'Inondation' ,0000099944, TO_DATE('01-08-2021' ,'DD-MM-YYYY'), TO_DATE('04-08-2021' ,'DD-MM-YYYY'), 'Rouge' )
/
INSERT INTO Alerte VALUES (16900000999442, 'Crue' ,0000099944, TO_DATE('16-09-2021' ,'DD-MM-YYYY'), TO_DATE('24-09-2021' ,'DD-MM-YYYY'), 'Jaune' )
/
INSERT INTO Alerte VALUES (251100000999443, 'Grand froid' ,0000099944, TO_DATE('25-11-2021' ,'DD-MM-YYYY'), TO_DATE('27-11-2021' ,'DD-MM-YYYY'), 'Orange' )
/
INSERT INTO Alerte VALUES (25500000999444, 'Orages' ,0000099944, TO_DATE('25-05-2021' ,'DD-MM-YYYY'), TO_DATE('06-06-2021' ,'DD-MM-YYYY'), 'Jaune' )
/
INSERT INTO Alerte VALUES (24800000999445, 'Canicule' ,0000099944, TO_DATE('24-08-2021' ,'DD-MM-YYYY'), TO_DATE('01-09-2021' ,'DD-MM-YYYY'), 'Rouge' )
/
INSERT INTO Alerte VALUES (02600000999446, 'Grand froid' ,0000099944, TO_DATE('02-06-2021' ,'DD-MM-YYYY'), TO_DATE('11-06-2021' ,'DD-MM-YYYY'), 'Orange' )
/
INSERT INTO Alerte VALUES (06600000999447, 'Inondation' ,0000099944, TO_DATE('06-06-2021' ,'DD-MM-YYYY'), TO_DATE('08-06-2021' ,'DD-MM-YYYY'), 'Jaune' )
/
INSERT INTO Alerte VALUES (07900000999448, 'Crue' ,0000099944, TO_DATE('07-09-2021' ,'DD-MM-YYYY'), TO_DATE('15-09-2021' ,'DD-MM-YYYY'), 'Orange' )
/
INSERT INTO Alerte VALUES (27700000999449, 'Vent violent' ,0000099944, TO_DATE('27-07-2021' ,'DD-MM-YYYY'), TO_DATE('05-08-2021' ,'DD-MM-YYYY'), 'Orange' )
/
INSERT INTO Alerte VALUES (129000009994410, 'Orages' ,0000099944, TO_DATE('12-09-2021' ,'DD-MM-YYYY'), TO_DATE('20-09-2021' ,'DD-MM-YYYY'), 'Jaune' )
/
INSERT INTO Alerte VALUES (1211000009994411, 'Pluie-inondation' ,0000099944, TO_DATE('12-11-2021' ,'DD-MM-YYYY'), TO_DATE('21-11-2021' ,'DD-MM-YYYY'), 'Rouge' )
/
INSERT INTO Alerte VALUES (18100000999530, 'Pluie-inondation' ,0000099953, TO_DATE('18-01-2021' ,'DD-MM-YYYY'), TO_DATE('23-01-2021' ,'DD-MM-YYYY'), 'Orange' )
/
INSERT INTO Alerte VALUES (241100000999531, 'Neige-verglas' ,0000099953, TO_DATE('24-11-2021' ,'DD-MM-YYYY'), TO_DATE('02-12-2021' ,'DD-MM-YYYY'), 'Jaune' )
/
INSERT INTO Alerte VALUES (091000000999532, 'Canicule' ,0000099953, TO_DATE('09-10-2021' ,'DD-MM-YYYY'), TO_DATE('11-10-2021' ,'DD-MM-YYYY'), 'Jaune' )
/
INSERT INTO Alerte VALUES (191100000999533, 'Neige-verglas' ,0000099953, TO_DATE('19-11-2021' ,'DD-MM-YYYY'), TO_DATE('19-11-2021' ,'DD-MM-YYYY'), 'Jaune' )
/
INSERT INTO Alerte VALUES (28900000999760, 'Pluie-inondation' ,0000099976, TO_DATE('28-09-2021' ,'DD-MM-YYYY'), TO_DATE('05-10-2021' ,'DD-MM-YYYY'), 'Rouge' )
/
INSERT INTO Alerte VALUES (24200000999761, 'Pluie-inondation' ,0000099976, TO_DATE('24-02-2021' ,'DD-MM-YYYY'), TO_DATE('01-03-2021' ,'DD-MM-YYYY'), 'Jaune' )
/
INSERT INTO Alerte VALUES (05200000999762, 'Vent violent' ,0000099976, TO_DATE('05-02-2021' ,'DD-MM-YYYY'), TO_DATE('07-02-2021' ,'DD-MM-YYYY'), 'Orange' )
/
INSERT INTO Alerte VALUES (25100000999763, 'Pluie-inondation' ,0000099976, TO_DATE('25-01-2021' ,'DD-MM-YYYY'), TO_DATE('06-02-2021' ,'DD-MM-YYYY'), 'Rouge' )
/
INSERT INTO Alerte VALUES (07400000999764, 'Pluie-inondation' ,0000099976, TO_DATE('07-04-2021' ,'DD-MM-YYYY'), TO_DATE('15-04-2021' ,'DD-MM-YYYY'), 'Rouge' )
/
INSERT INTO Alerte VALUES (17900000999765, 'Vent violent' ,0000099976, TO_DATE('17-09-2021' ,'DD-MM-YYYY'), TO_DATE('22-09-2021' ,'DD-MM-YYYY'), 'Rouge' )
/
INSERT INTO Alerte VALUES (19900000999766, 'Canicule' ,0000099976, TO_DATE('19-09-2021' ,'DD-MM-YYYY'), TO_DATE('01-10-2021' ,'DD-MM-YYYY'), 'Orange' )
/
INSERT INTO Alerte VALUES (101200000999767, 'Pluie-inondation' ,0000099976, TO_DATE('10-12-2021' ,'DD-MM-YYYY'), TO_DATE('15-12-2021' ,'DD-MM-YYYY'), 'Rouge' )
/
INSERT INTO Alerte VALUES (20300000999768, 'Pluie-inondation' ,0000099976, TO_DATE('20-03-2021' ,'DD-MM-YYYY'), TO_DATE('20-03-2021' ,'DD-MM-YYYY'), 'Orange' )
/
INSERT INTO Alerte VALUES (141000009999840, 'Neige-verglas' ,0000999984, TO_DATE('14-10-2021' ,'DD-MM-YYYY'), TO_DATE('21-10-2021' ,'DD-MM-YYYY'), 'Rouge' )
/
INSERT INTO Alerte VALUES (281200009999841, 'Orages' ,0000999984, TO_DATE('28-12-2021' ,'DD-MM-YYYY'), TO_DATE('04-01-2022' ,'DD-MM-YYYY'), 'Jaune' )
/
INSERT INTO Alerte VALUES (171200009999842, 'Orages' ,0000999984, TO_DATE('17-12-2021' ,'DD-MM-YYYY'), TO_DATE('18-12-2021' ,'DD-MM-YYYY'), 'Orange' )
/
INSERT INTO Alerte VALUES (14800009999843, 'Pluie-inondation' ,0000999984, TO_DATE('14-08-2021' ,'DD-MM-YYYY'), TO_DATE('16-08-2021' ,'DD-MM-YYYY'), 'Rouge' )
/
INSERT INTO Alerte VALUES (09600009999844, 'Pluie-inondation' ,0000999984, TO_DATE('09-06-2021' ,'DD-MM-YYYY'), TO_DATE('12-06-2021' ,'DD-MM-YYYY'), 'Orange' )
/
INSERT INTO Alerte VALUES (14100009999845, 'Neige-verglas' ,0000999984, TO_DATE('14-01-2021' ,'DD-MM-YYYY'), TO_DATE('15-01-2021' ,'DD-MM-YYYY'), 'Rouge' )
/
INSERT INTO Alerte VALUES (17700009999846, 'Grand froid' ,0000999984, TO_DATE('17-07-2021' ,'DD-MM-YYYY'), TO_DATE('25-07-2021' ,'DD-MM-YYYY'), 'Rouge' )
/
INSERT INTO Alerte VALUES (15300009999847, 'Grand froid' ,0000999984, TO_DATE('15-03-2021' ,'DD-MM-YYYY'), TO_DATE('23-03-2021' ,'DD-MM-YYYY'), 'Orange' )
/
INSERT INTO Alerte VALUES (111000009999848, 'Orages' ,0000999984, TO_DATE('11-10-2021' ,'DD-MM-YYYY'), TO_DATE('15-10-2021' ,'DD-MM-YYYY'), 'Jaune' )
/
INSERT INTO Alerte VALUES (17500009999849, 'Canicule' ,0000999984, TO_DATE('17-05-2021' ,'DD-MM-YYYY'), TO_DATE('27-05-2021' ,'DD-MM-YYYY'), 'Jaune' )
/
INSERT INTO Alerte VALUES (274000099998410, 'Vent violent' ,0000999984, TO_DATE('27-04-2021' ,'DD-MM-YYYY'), TO_DATE('04-05-2021' ,'DD-MM-YYYY'), 'Jaune' )
/
INSERT INTO Alerte VALUES (166000099998411, 'Crue' ,0000999984, TO_DATE('16-06-2021' ,'DD-MM-YYYY'), TO_DATE('16-06-2021' ,'DD-MM-YYYY'), 'Orange' )
/
INSERT INTO Alerte VALUES (2110000099998412, 'Pluie-inondation' ,0000999984, TO_DATE('21-10-2021' ,'DD-MM-YYYY'), TO_DATE('27-10-2021' ,'DD-MM-YYYY'), 'Rouge' )
/
INSERT INTO Alerte VALUES (2312000099998413, 'Neige-verglas' ,0000999984, TO_DATE('23-12-2021' ,'DD-MM-YYYY'), TO_DATE('28-12-2021' ,'DD-MM-YYYY'), 'Orange' )
/
INSERT INTO Alerte VALUES (144000099998414, 'Vent violent' ,0000999984, TO_DATE('14-04-2021' ,'DD-MM-YYYY'), TO_DATE('23-04-2021' ,'DD-MM-YYYY'), 'Orange' )
/
INSERT INTO Alerte VALUES (25600000999020, 'Orages' ,0000099902, TO_DATE('25-06-2021' ,'DD-MM-YYYY'), TO_DATE('01-07-2021' ,'DD-MM-YYYY'), 'Rouge' )
/
INSERT INTO Alerte VALUES (10700000999021, 'Crue' ,0000099902, TO_DATE('10-07-2021' ,'DD-MM-YYYY'), TO_DATE('12-07-2021' ,'DD-MM-YYYY'), 'Jaune' )
/
INSERT INTO Alerte VALUES (21600000999022, 'Pluie-inondation' ,0000099902, TO_DATE('21-06-2021' ,'DD-MM-YYYY'), TO_DATE('22-06-2021' ,'DD-MM-YYYY'), 'Jaune' )
/
INSERT INTO Alerte VALUES (09400000999023, 'Orages' ,0000099902, TO_DATE('09-04-2021' ,'DD-MM-YYYY'), TO_DATE('10-04-2021' ,'DD-MM-YYYY'), 'Jaune' )
/
INSERT INTO Alerte VALUES (121100000999024, 'Pluie-inondation' ,0000099902, TO_DATE('12-11-2021' ,'DD-MM-YYYY'), TO_DATE('16-11-2021' ,'DD-MM-YYYY'), 'Orange' )
/
INSERT INTO Alerte VALUES (17700000999025, 'Crue' ,0000099902, TO_DATE('17-07-2021' ,'DD-MM-YYYY'), TO_DATE('25-07-2021' ,'DD-MM-YYYY'), 'Rouge' )
/
INSERT INTO Alerte VALUES (05500000999026, 'Pluie-inondation' ,0000099902, TO_DATE('05-05-2021' ,'DD-MM-YYYY'), TO_DATE('15-05-2021' ,'DD-MM-YYYY'), 'Orange' )
/
INSERT INTO Alerte VALUES (26800000999027, 'Neige-verglas' ,0000099902, TO_DATE('26-08-2021' ,'DD-MM-YYYY'), TO_DATE('05-09-2021' ,'DD-MM-YYYY'), 'Rouge' )
/
INSERT INTO Alerte VALUES (061000000999520, 'Canicule' ,0000099952, TO_DATE('06-10-2021' ,'DD-MM-YYYY'), TO_DATE('16-10-2021' ,'DD-MM-YYYY'), 'Rouge' )
/
INSERT INTO Alerte VALUES (221100000999521, 'Neige-verglas' ,0000099952, TO_DATE('22-11-2021' ,'DD-MM-YYYY'), TO_DATE('23-11-2021' ,'DD-MM-YYYY'), 'Orange' )
/
INSERT INTO Alerte VALUES (06800000999522, 'Inondation' ,0000099952, TO_DATE('06-08-2021' ,'DD-MM-YYYY'), TO_DATE('11-08-2021' ,'DD-MM-YYYY'), 'Rouge' )
/
INSERT INTO Alerte VALUES (07800000999523, 'Inondation' ,0000099952, TO_DATE('07-08-2021' ,'DD-MM-YYYY'), TO_DATE('12-08-2021' ,'DD-MM-YYYY'), 'Jaune' )
/
INSERT INTO Alerte VALUES (12400000999524, 'Pluie-inondation' ,0000099952, TO_DATE('12-04-2021' ,'DD-MM-YYYY'), TO_DATE('15-04-2021' ,'DD-MM-YYYY'), 'Orange' )
/
INSERT INTO Alerte VALUES (11600000999525, 'Pluie-inondation' ,0000099952, TO_DATE('11-06-2021' ,'DD-MM-YYYY'), TO_DATE('21-06-2021' ,'DD-MM-YYYY'), 'Jaune' )
/
INSERT INTO Alerte VALUES (14500000999526, 'Vent violent' ,0000099952, TO_DATE('14-05-2021' ,'DD-MM-YYYY'), TO_DATE('19-05-2021' ,'DD-MM-YYYY'), 'Orange' )
/
INSERT INTO Alerte VALUES (06900000999527, 'Crue' ,0000099952, TO_DATE('06-09-2021' ,'DD-MM-YYYY'), TO_DATE('07-09-2021' ,'DD-MM-YYYY'), 'Rouge' )
/
INSERT INTO Alerte VALUES (111000000999528, 'Vent violent' ,0000099952, TO_DATE('11-10-2021' ,'DD-MM-YYYY'), TO_DATE('18-10-2021' ,'DD-MM-YYYY'), 'Jaune' )
/
INSERT INTO Alerte VALUES (02400000999529, 'Pluie-inondation' ,0000099952, TO_DATE('02-04-2021' ,'DD-MM-YYYY'), TO_DATE('09-04-2021' ,'DD-MM-YYYY'), 'Rouge' )
/
INSERT INTO Alerte VALUES (169000009995210, 'Neige-verglas' ,0000099952, TO_DATE('16-09-2021' ,'DD-MM-YYYY'), TO_DATE('17-09-2021' ,'DD-MM-YYYY'), 'Rouge' )
/
INSERT INTO Alerte VALUES (25700000999030, 'Vent violent' ,0000099903, TO_DATE('25-07-2021' ,'DD-MM-YYYY'), TO_DATE('01-08-2021' ,'DD-MM-YYYY'), 'Orange' )
/
INSERT INTO Alerte VALUES (26400000999031, 'Neige-verglas' ,0000099903, TO_DATE('26-04-2021' ,'DD-MM-YYYY'), TO_DATE('05-05-2021' ,'DD-MM-YYYY'), 'Jaune' )
/
INSERT INTO Alerte VALUES (14600000999032, 'Canicule' ,0000099903, TO_DATE('14-06-2021' ,'DD-MM-YYYY'), TO_DATE('19-06-2021' ,'DD-MM-YYYY'), 'Orange' )
/
INSERT INTO Alerte VALUES (24200000999033, 'Pluie-inondation' ,0000099903, TO_DATE('24-02-2021' ,'DD-MM-YYYY'), TO_DATE('24-02-2021' ,'DD-MM-YYYY'), 'Orange' )
/
INSERT INTO Alerte VALUES (13700000999034, 'Grand froid' ,0000099903, TO_DATE('13-07-2021' ,'DD-MM-YYYY'), TO_DATE('22-07-2021' ,'DD-MM-YYYY'), 'Jaune' )
/
INSERT INTO Alerte VALUES (201000000999035, 'Orages' ,0000099903, TO_DATE('20-10-2021' ,'DD-MM-YYYY'), TO_DATE('28-10-2021' ,'DD-MM-YYYY'), 'Rouge' )
/
INSERT INTO Alerte VALUES (011100000999036, 'Neige-verglas' ,0000099903, TO_DATE('01-11-2021' ,'DD-MM-YYYY'), TO_DATE('08-11-2021' ,'DD-MM-YYYY'), 'Rouge' )
/
INSERT INTO Alerte VALUES (12100000999037, 'Orages' ,0000099903, TO_DATE('12-01-2021' ,'DD-MM-YYYY'), TO_DATE('21-01-2021' ,'DD-MM-YYYY'), 'Jaune' )
/
INSERT INTO Alerte VALUES (04700000999038, 'Orages' ,0000099903, TO_DATE('04-07-2021' ,'DD-MM-YYYY'), TO_DATE('14-07-2021' ,'DD-MM-YYYY'), 'Rouge' )
/
INSERT INTO Alerte VALUES (261100000999039, 'Orages' ,0000099903, TO_DATE('26-11-2021' ,'DD-MM-YYYY'), TO_DATE('07-12-2021' ,'DD-MM-YYYY'), 'Rouge' )
/
INSERT INTO Alerte VALUES (183000009990310, 'Grand froid' ,0000099903, TO_DATE('18-03-2021' ,'DD-MM-YYYY'), TO_DATE('19-03-2021' ,'DD-MM-YYYY'), 'Rouge' )
/
INSERT INTO Alerte VALUES (249000009990311, 'Pluie-inondation' ,0000099903, TO_DATE('24-09-2021' ,'DD-MM-YYYY'), TO_DATE('06-10-2021' ,'DD-MM-YYYY'), 'Jaune' )
/
INSERT INTO Alerte VALUES (167000009990312, 'Canicule' ,0000099903, TO_DATE('16-07-2021' ,'DD-MM-YYYY'), TO_DATE('17-07-2021' ,'DD-MM-YYYY'), 'Rouge' )
/
INSERT INTO Alerte VALUES (0412000009990313, 'Vent violent' ,0000099903, TO_DATE('04-12-2021' ,'DD-MM-YYYY'), TO_DATE('10-12-2021' ,'DD-MM-YYYY'), 'Orange' )
/
INSERT INTO Alerte VALUES (2011000009990314, 'Grand froid' ,0000099903, TO_DATE('20-11-2021' ,'DD-MM-YYYY'), TO_DATE('21-11-2021' ,'DD-MM-YYYY'), 'Jaune' )
/
INSERT INTO Alerte VALUES (13800000999940, 'Canicule' ,0000099994, TO_DATE('13-08-2021' ,'DD-MM-YYYY'), TO_DATE('15-08-2021' ,'DD-MM-YYYY'), 'Rouge' )
/
INSERT INTO Alerte VALUES (05200000999941, 'Vent violent' ,0000099994, TO_DATE('05-02-2021' ,'DD-MM-YYYY'), TO_DATE('10-02-2021' ,'DD-MM-YYYY'), 'Rouge' )
/
INSERT INTO Alerte VALUES (02500000999942, 'Pluie-inondation' ,0000099994, TO_DATE('02-05-2021' ,'DD-MM-YYYY'), TO_DATE('11-05-2021' ,'DD-MM-YYYY'), 'Jaune' )
/
INSERT INTO Alerte VALUES (18900000999943, 'Canicule' ,0000099994, TO_DATE('18-09-2021' ,'DD-MM-YYYY'), TO_DATE('22-09-2021' ,'DD-MM-YYYY'), 'Orange' )
/
INSERT INTO Alerte VALUES (21400000999944, 'Crue' ,0000099994, TO_DATE('21-04-2021' ,'DD-MM-YYYY'), TO_DATE('25-04-2021' ,'DD-MM-YYYY'), 'Rouge' )
/
INSERT INTO Alerte VALUES (07600000999945, 'Orages' ,0000099994, TO_DATE('07-06-2021' ,'DD-MM-YYYY'), TO_DATE('07-06-2021' ,'DD-MM-YYYY'), 'Orange' )
/
INSERT INTO Alerte VALUES (03800000999946, 'Pluie-inondation' ,0000099994, TO_DATE('03-08-2021' ,'DD-MM-YYYY'), TO_DATE('09-08-2021' ,'DD-MM-YYYY'), 'Rouge' )
/
INSERT INTO Alerte VALUES (28900000999947, 'Canicule' ,0000099994, TO_DATE('28-09-2021' ,'DD-MM-YYYY'), TO_DATE('05-10-2021' ,'DD-MM-YYYY'), 'Orange' )
/
INSERT INTO Alerte VALUES (261100000999948, 'Crue' ,0000099994, TO_DATE('26-11-2021' ,'DD-MM-YYYY'), TO_DATE('05-12-2021' ,'DD-MM-YYYY'), 'Orange' )
/
INSERT INTO Alerte VALUES (01400000999949, 'Vent violent' ,0000099994, TO_DATE('01-04-2021' ,'DD-MM-YYYY'), TO_DATE('07-04-2021' ,'DD-MM-YYYY'), 'Orange' )
/
INSERT INTO Alerte VALUES (09300009999750, 'Crue' ,0000999975, TO_DATE('09-03-2021' ,'DD-MM-YYYY'), TO_DATE('17-03-2021' ,'DD-MM-YYYY'), 'Orange' )
/
INSERT INTO Alerte VALUES (11600009999751, 'Neige-verglas' ,0000999975, TO_DATE('11-06-2021' ,'DD-MM-YYYY'), TO_DATE('18-06-2021' ,'DD-MM-YYYY'), 'Rouge' )
/
INSERT INTO Alerte VALUES (24200009999752, 'Crue' ,0000999975, TO_DATE('24-02-2021' ,'DD-MM-YYYY'), TO_DATE('01-03-2021' ,'DD-MM-YYYY'), 'Rouge' )
/
INSERT INTO Alerte VALUES (27900009999753, 'Inondation' ,0000999975, TO_DATE('27-09-2021' ,'DD-MM-YYYY'), TO_DATE('28-09-2021' ,'DD-MM-YYYY'), 'Orange' )
/
INSERT INTO Alerte VALUES (13200009999754, 'Pluie-inondation' ,0000999975, TO_DATE('13-02-2021' ,'DD-MM-YYYY'), TO_DATE('13-02-2021' ,'DD-MM-YYYY'), 'Orange' )
/
INSERT INTO Alerte VALUES (101000009999755, 'Canicule' ,0000999975, TO_DATE('10-10-2021' ,'DD-MM-YYYY'), TO_DATE('13-10-2021' ,'DD-MM-YYYY'), 'Jaune' )
/
INSERT INTO Alerte VALUES (211100009999756, 'Neige-verglas' ,0000999975, TO_DATE('21-11-2021' ,'DD-MM-YYYY'), TO_DATE('01-12-2021' ,'DD-MM-YYYY'), 'Rouge' )
/
INSERT INTO Alerte VALUES (01800009999757, 'Inondation' ,0000999975, TO_DATE('01-08-2021' ,'DD-MM-YYYY'), TO_DATE('07-08-2021' ,'DD-MM-YYYY'), 'Rouge' )
/
INSERT INTO Alerte VALUES (10800009999758, 'Vent violent' ,0000999975, TO_DATE('10-08-2021' ,'DD-MM-YYYY'), TO_DATE('17-08-2021' ,'DD-MM-YYYY'), 'Rouge' )
/
INSERT INTO Alerte VALUES (23400009999759, 'Crue' ,0000999975, TO_DATE('23-04-2021' ,'DD-MM-YYYY'), TO_DATE('01-05-2021' ,'DD-MM-YYYY'), 'Orange' )
/
INSERT INTO Alerte VALUES (09300000999270, 'Neige-verglas' ,0000099927, TO_DATE('09-03-2021' ,'DD-MM-YYYY'), TO_DATE('13-03-2021' ,'DD-MM-YYYY'), 'Orange' )
/
INSERT INTO Alerte VALUES (20500000999271, 'Orages' ,0000099927, TO_DATE('20-05-2021' ,'DD-MM-YYYY'), TO_DATE('21-05-2021' ,'DD-MM-YYYY'), 'Orange' )
/
INSERT INTO Alerte VALUES (18100000999272, 'Inondation' ,0000099927, TO_DATE('18-01-2021' ,'DD-MM-YYYY'), TO_DATE('18-01-2021' ,'DD-MM-YYYY'), 'Orange' )
/
INSERT INTO Alerte VALUES (05900000999273, 'Grand froid' ,0000099927, TO_DATE('05-09-2021' ,'DD-MM-YYYY'), TO_DATE('05-09-2021' ,'DD-MM-YYYY'), 'Rouge' )
/
INSERT INTO Alerte VALUES (08700000999274, 'Neige-verglas' ,0000099927, TO_DATE('08-07-2021' ,'DD-MM-YYYY'), TO_DATE('08-07-2021' ,'DD-MM-YYYY'), 'Orange' )
/
INSERT INTO Alerte VALUES (04300000999275, 'Vent violent' ,0000099927, TO_DATE('04-03-2021' ,'DD-MM-YYYY'), TO_DATE('12-03-2021' ,'DD-MM-YYYY'), 'Jaune' )
/
INSERT INTO Alerte VALUES (02600000999276, 'Crue' ,0000099927, TO_DATE('02-06-2021' ,'DD-MM-YYYY'), TO_DATE('03-06-2021' ,'DD-MM-YYYY'), 'Rouge' )
/
INSERT INTO Alerte VALUES (20700000999277, 'Vent violent' ,0000099927, TO_DATE('20-07-2021' ,'DD-MM-YYYY'), TO_DATE('22-07-2021' ,'DD-MM-YYYY'), 'Rouge' )
/
INSERT INTO Alerte VALUES (16500000999278, 'Grand froid' ,0000099927, TO_DATE('16-05-2021' ,'DD-MM-YYYY'), TO_DATE('20-05-2021' ,'DD-MM-YYYY'), 'Rouge' )
/
INSERT INTO Alerte VALUES (26300000999279, 'Inondation' ,0000099927, TO_DATE('26-03-2021' ,'DD-MM-YYYY'), TO_DATE('01-04-2021' ,'DD-MM-YYYY'), 'Orange' )
/
INSERT INTO Alerte VALUES (2511000009992710, 'Vent violent' ,0000099927, TO_DATE('25-11-2021' ,'DD-MM-YYYY'), TO_DATE('03-12-2021' ,'DD-MM-YYYY'), 'Rouge' )
/
INSERT INTO Alerte VALUES (1210000009992711, 'Inondation' ,0000099927, TO_DATE('12-10-2021' ,'DD-MM-YYYY'), TO_DATE('13-10-2021' ,'DD-MM-YYYY'), 'Rouge' )
/
